,predicted_duration,actual_duration,dif,diff %
6693,96.2,105.9,9.7,9%
12849,99.1,100.2,1.1,1%
3631,98.7,98.9,0.2,0%
8280,86.4,90.6,4.2,5%
8295,78.9,76.9,2.1,3%
10008,69.0,75.7,6.7,9%
11159,76.9,71.7,5.3,7%
3431,68.6,66.5,2.1,3%
214,55.6,63.0,7.4,12%
8933,64.4,62.3,2.2,3%
4293,56.9,55.5,1.4,3%
2517,50.6,55.0,4.4,8%
12989,58.5,54.7,3.8,7%
4134,48.4,53.6,5.2,10%
2785,48.8,50.6,1.8,4%
132,45.1,49.0,3.9,8%
6513,49.7,46.8,2.8,6%
10820,50.5,45.1,5.4,12%
13159,48.9,43.0,5.8,14%
324,47.2,42.3,4.9,12%
1367,39.8,42.0,2.3,5%
10314,23.4,41.4,18.0,43%
9500,40.1,41.4,1.3,3%
4688,31.8,40.6,8.8,22%
7323,38.9,39.5,0.6,1%
5266,39.0,39.0,0.0,0%
10251,36.6,38.8,2.2,6%
1273,33.4,38.6,5.2,14%
2551,34.2,38.5,4.3,11%
9423,40.7,38.4,2.3,6%
9121,34.4,38.2,3.8,10%
8589,29.8,38.1,8.3,22%
3327,38.1,37.0,1.1,3%
10538,29.7,35.9,6.3,17%
1373,37.3,35.5,1.8,5%
6463,29.8,35.2,5.4,15%
1256,16.7,34.3,17.6,51%
2391,31.5,34.0,2.5,7%
13113,33.8,34.0,0.2,1%
10321,38.5,33.5,5.0,15%
3412,37.4,32.9,4.5,14%
10996,29.8,32.4,2.6,8%
8732,38.1,32.0,6.1,19%
1774,32.7,31.3,1.3,4%
4863,32.8,30.9,2.0,6%
12270,26.5,30.1,3.6,12%
8659,31.0,29.2,1.8,6%
12712,19.5,28.4,8.9,31%
5826,22.0,28.4,6.3,22%
1436,26.8,28.4,1.6,6%
8200,28.5,28.3,0.2,1%
7148,29.2,28.3,0.9,3%
10014,31.9,27.9,4.0,14%
5969,21.0,27.5,6.5,24%
12605,23.5,27.4,3.9,14%
237,22.5,27.1,4.6,17%
10197,26.8,26.7,0.1,1%
8778,19.3,26.6,7.3,27%
4752,28.4,26.5,1.8,7%
3526,32.4,25.8,6.6,26%
7974,22.4,25.5,3.1,12%
2015,21.3,25.5,4.2,16%
9188,22.7,25.3,2.6,10%
9720,20.1,25.2,5.0,20%
10545,21.0,25.1,4.1,16%
7589,21.5,25.1,3.6,14%
8300,22.4,24.9,2.6,10%
7626,26.3,24.8,1.6,6%
12247,23.3,24.7,1.4,6%
7263,28.6,24.5,4.0,16%
9992,17.5,24.4,6.9,28%
10000,22.2,24.3,2.1,9%
9023,23.0,23.7,0.7,3%
10614,31.1,23.7,7.4,31%
10507,27.8,23.5,4.2,18%
8356,30.9,23.2,7.7,33%
10269,26.1,23.2,2.9,13%
11743,28.8,23.0,5.9,25%
2823,18.5,22.6,4.1,18%
7962,27.2,22.6,4.6,20%
4425,21.5,22.2,0.7,3%
6191,20.7,22.1,1.4,6%
8727,24.5,22.1,2.4,11%
4297,24.1,22.0,2.1,10%
7870,14.4,22.0,7.6,34%
9963,19.1,21.7,2.5,12%
13010,24.3,21.6,2.7,13%
12437,15.9,21.3,5.4,25%
6101,13.8,21.2,7.4,35%
4749,13.6,21.0,7.5,36%
6649,16.2,21.0,4.8,23%
2954,22.1,20.9,1.2,6%
11770,15.7,20.8,5.1,24%
6078,15.4,20.7,5.2,25%
5218,16.9,20.5,3.6,18%
4715,22.8,20.4,2.4,12%
5837,19.4,20.3,0.9,4%
2898,16.7,20.0,3.4,17%
4518,23.0,20.0,3.0,15%
1082,21.9,19.7,2.2,11%
7076,26.3,19.6,6.7,34%
7073,19.2,19.5,0.3,2%
1005,16.7,19.3,2.6,14%
11735,16.0,19.3,3.3,17%
6585,14.3,19.2,4.9,26%
8631,14.0,19.2,5.2,27%
6597,12.3,19.0,6.6,35%
2275,13.8,18.9,5.1,27%
10927,23.4,18.8,4.6,24%
2957,22.3,18.7,3.6,19%
8783,20.4,18.5,1.9,10%
4232,14.2,18.5,4.2,23%
10862,18.6,18.4,0.2,1%
3962,9.3,18.2,8.9,49%
6879,16.6,18.1,1.6,9%
7425,11.9,18.1,6.1,34%
3552,14.3,18.0,3.8,21%
3093,16.2,18.0,1.8,10%
5341,10.1,18.0,7.8,44%
11100,13.2,17.9,4.7,26%
9707,19.6,17.9,1.7,9%
1760,10.9,17.8,6.9,39%
1214,17.1,17.8,0.7,4%
8026,11.9,17.7,5.9,33%
3200,17.9,17.7,0.1,1%
8926,16.4,17.6,1.2,7%
8383,14.9,17.5,2.6,15%
8749,12.8,17.5,4.7,27%
5282,13.7,17.5,3.8,21%
5383,10.7,17.4,6.8,39%
5275,15.8,17.4,1.7,10%
1770,21.9,17.3,4.6,27%
5368,22.2,17.2,5.0,29%
6887,20.2,17.2,3.0,17%
2876,14.2,17.2,3.0,17%
12155,16.1,17.1,1.0,6%
10277,21.3,17.1,4.2,24%
9795,20.8,17.1,3.7,22%
1238,13.7,17.1,3.3,19%
3307,15.9,17.1,1.2,7%
12506,11.1,17.0,6.0,35%
2818,20.3,17.0,3.2,19%
11869,9.3,17.0,7.7,45%
12771,15.5,17.0,1.5,9%
4465,24.4,16.9,7.5,44%
6327,10.2,16.9,6.6,39%
9355,12.1,16.9,4.7,28%
11431,16.0,16.8,0.8,5%
12685,13.1,16.6,3.5,21%
11546,15.4,16.6,1.1,7%
7249,13.8,16.5,2.7,16%
6012,12.9,16.1,3.2,20%
12015,21.9,16.0,5.8,36%
1224,17.1,16.0,1.1,7%
2638,18.6,16.0,2.7,17%
4918,13.4,15.9,2.6,16%
8161,16.7,15.9,0.8,5%
12582,10.3,15.9,5.6,35%
6617,15.4,15.9,0.4,3%
6193,16.8,15.8,1.0,6%
8142,11.9,15.6,3.8,24%
5656,12.9,15.6,2.8,18%
8607,14.8,15.6,0.9,6%
4776,14.9,15.6,0.7,5%
7613,20.8,15.6,5.3,34%
6791,13.7,15.6,1.9,12%
4793,8.0,15.5,7.5,48%
2650,15.8,15.5,0.3,2%
4112,15.6,15.5,0.1,1%
3902,15.3,15.4,0.1,1%
3869,7.0,15.3,8.3,54%
179,8.9,15.2,6.3,41%
10323,14.8,15.2,0.4,3%
6850,15.3,15.1,0.1,1%
728,12.5,15.1,2.7,18%
3796,13.4,15.0,1.6,10%
4783,16.2,14.9,1.2,8%
5642,15.8,14.9,0.8,5%
7910,15.4,14.9,0.4,3%
3007,15.3,14.9,0.3,2%
3963,10.9,14.9,4.1,27%
2708,16.9,14.9,2.1,14%
9719,11.0,14.8,3.9,26%
3865,13.4,14.8,1.4,9%
5692,16.4,14.8,1.7,11%
2019,13.4,14.7,1.3,9%
9592,10.9,14.7,3.8,26%
3279,16.6,14.7,1.9,13%
2843,11.7,14.6,2.9,20%
2614,12.7,14.6,1.9,13%
11163,15.4,14.6,0.8,6%
6974,10.3,14.5,4.2,29%
2987,9.8,14.5,4.6,32%
12340,14.1,14.5,0.3,2%
4540,10.7,14.4,3.7,26%
9808,13.0,14.4,1.4,10%
2257,6.7,14.4,7.7,54%
8372,11.5,14.3,2.8,19%
1318,15.2,14.3,0.9,6%
10,14.1,14.3,0.2,2%
8084,12.3,14.3,1.9,13%
9289,13.3,14.3,0.9,6%
4445,15.0,14.3,0.7,5%
8393,10.2,14.2,4.0,28%
257,15.1,14.2,0.9,6%
3167,13.4,14.2,0.8,6%
6665,8.2,14.2,6.0,43%
12254,8.8,14.2,5.4,38%
6515,15.5,14.2,1.4,10%
10435,7.4,14.0,6.6,47%
8317,8.8,14.0,5.2,37%
13005,7.9,14.0,6.1,44%
13065,15.4,14.0,1.4,10%
2852,10.3,13.9,3.7,26%
9704,14.3,13.9,0.5,3%
3518,13.2,13.8,0.6,5%
5706,14.4,13.8,0.6,4%
3507,18.6,13.8,4.9,35%
7615,12.0,13.8,1.8,13%
11790,14.2,13.6,0.5,4%
4897,11.1,13.6,2.5,18%
5375,12.9,13.5,0.6,5%
283,13.0,13.5,0.6,4%
12595,16.4,13.5,2.9,22%
6353,11.5,13.5,2.0,15%
10257,14.1,13.5,0.7,5%
7157,14.4,13.4,1.0,7%
1651,6.5,13.4,6.9,51%
11759,12.4,13.4,1.0,7%
7134,12.7,13.4,0.7,5%
10260,16.0,13.4,2.6,19%
6304,14.0,13.4,0.6,5%
3006,14.4,13.3,1.1,8%
10711,10.0,13.3,3.3,25%
11564,15.7,13.3,2.4,18%
1002,14.9,13.3,1.5,12%
5769,12.6,13.3,0.7,5%
1099,12.9,13.3,0.4,3%
2627,7.6,13.3,5.7,43%
6421,13.7,13.3,0.4,3%
11833,10.9,13.2,2.4,18%
3504,12.3,13.2,1.0,7%
738,5.9,13.2,7.3,56%
2857,11.0,13.2,2.2,17%
3718,6.1,13.1,7.0,54%
4568,17.8,13.1,4.7,36%
11512,12.4,13.1,0.7,6%
11111,7.6,13.1,5.5,42%
4086,19.8,13.0,6.8,52%
6728,15.3,12.9,2.4,18%
5841,14.4,12.9,1.5,12%
126,11.6,12.9,1.3,10%
11170,12.5,12.9,0.4,3%
2563,16.0,12.8,3.2,25%
4745,13.0,12.8,0.2,2%
355,8.6,12.8,4.2,33%
3439,5.7,12.7,7.0,55%
70,7.1,12.7,5.6,44%
6570,14.6,12.6,2.0,16%
6182,13.2,12.6,0.5,4%
1922,12.4,12.6,0.3,2%
1574,4.8,12.6,7.8,62%
5626,2.8,12.6,9.8,78%
5201,14.4,12.6,1.8,14%
8163,13.9,12.6,1.4,11%
11857,13.9,12.6,1.3,10%
3701,11.7,12.6,0.9,7%
4742,9.0,12.6,3.5,28%
6639,15.4,12.6,2.8,22%
9520,13.8,12.6,1.2,10%
1341,13.3,12.6,0.7,6%
10069,11.8,12.5,0.7,5%
10018,5.4,12.5,7.0,56%
4810,15.9,12.5,3.4,27%
3252,11.6,12.5,0.9,7%
9698,13.8,12.4,1.3,11%
6807,13.5,12.4,1.0,8%
974,13.4,12.4,1.0,8%
11807,12.3,12.4,0.1,1%
12932,3.7,12.3,8.6,70%
4916,12.1,12.3,0.2,2%
2651,3.7,12.3,8.5,70%
7478,14.2,12.3,2.0,16%
6026,9.1,12.2,3.1,25%
3484,11.6,12.2,0.6,5%
10317,13.7,12.2,1.5,13%
7585,13.6,12.2,1.4,12%
8916,11.6,12.2,0.6,5%
4660,12.6,12.2,0.4,3%
12527,11.1,12.0,0.9,8%
12686,9.2,12.0,2.8,23%
3561,10.7,11.9,1.3,11%
7141,11.1,11.9,0.9,7%
6903,12.4,11.9,0.4,4%
7044,9.4,11.9,2.5,21%
4296,9.7,11.9,2.2,19%
2097,13.2,11.8,1.4,11%
9979,10.8,11.8,1.1,9%
11263,7.7,11.8,4.1,35%
4946,8.2,11.8,3.6,31%
6965,16.2,11.8,4.4,38%
3085,13.8,11.8,2.1,18%
7473,7.0,11.7,4.8,41%
2185,14.8,11.7,3.1,27%
539,7.2,11.7,4.5,38%
7309,5.3,11.6,6.3,54%
5161,13.1,11.6,1.5,13%
7112,10.9,11.6,0.7,6%
10766,11.0,11.6,0.6,5%
5580,11.9,11.6,0.3,3%
5200,13.2,11.5,1.7,15%
1849,12.0,11.5,0.4,4%
5995,7.9,11.5,3.6,31%
152,8.6,11.5,2.9,25%
8457,11.8,11.5,0.3,3%
3604,11.2,11.5,0.3,2%
12699,11.7,11.5,0.2,2%
993,4.3,11.5,7.1,62%
11201,14.6,11.5,3.2,28%
7028,11.2,11.5,0.2,2%
2961,5.8,11.4,5.6,49%
2374,10.1,11.4,1.3,11%
12393,11.3,11.4,0.1,1%
2656,7.8,11.4,3.6,32%
6281,13.5,11.4,2.2,19%
9319,10.1,11.4,1.3,11%
416,5.4,11.3,6.0,53%
3743,10.1,11.3,1.2,11%
3680,12.5,11.3,1.1,10%
5937,10.8,11.3,0.5,5%
2790,11.6,11.3,0.3,3%
2315,11.6,11.3,0.3,2%
3244,4.7,11.3,6.6,58%
6767,6.5,11.3,4.7,42%
2270,7.0,11.3,4.2,38%
2166,7.2,11.3,4.0,36%
5315,9.7,11.3,1.6,14%
10857,12.8,11.3,1.6,14%
6395,11.5,11.3,0.2,2%
11422,12.5,11.2,1.3,11%
8041,11.7,11.1,0.5,5%
1579,12.4,11.1,1.3,12%
6905,10.1,11.1,1.0,9%
1173,8.7,11.1,2.4,21%
8696,12.2,11.1,1.1,10%
4814,10.7,11.1,0.4,4%
6460,10.7,11.1,0.3,3%
7385,5.6,11.0,5.4,49%
7563,9.0,11.0,2.0,18%
11428,12.4,11.0,1.4,13%
809,4.7,11.0,6.3,57%
259,7.5,11.0,3.5,32%
1152,8.2,11.0,2.8,25%
1024,12.4,11.0,1.3,12%
8473,7.6,11.0,3.4,31%
7010,9.1,11.0,1.9,17%
6331,10.0,11.0,0.9,8%
10467,10.4,11.0,0.6,6%
4823,4.8,10.9,6.2,56%
10910,13.3,10.9,2.4,22%
10017,8.9,10.9,2.1,19%
2981,9.7,10.9,1.2,11%
12884,5.6,10.9,5.3,49%
6857,9.0,10.9,1.9,18%
1363,11.6,10.9,0.7,6%
651,11.6,10.9,0.7,6%
2326,9.4,10.9,1.4,13%
9563,5.2,10.8,5.6,52%
2120,8.8,10.8,2.1,19%
11556,10.2,10.8,0.7,6%
6282,10.3,10.8,0.5,5%
1635,11.2,10.8,0.3,3%
5403,7.2,10.8,3.6,33%
2096,14.0,10.8,3.2,29%
6722,8.8,10.8,2.0,19%
1513,12.8,10.8,2.0,19%
7878,8.9,10.8,1.9,18%
10886,11.1,10.8,0.3,3%
1879,7.3,10.8,3.5,32%
6993,7.5,10.8,3.3,30%
3887,8.1,10.8,2.6,25%
4143,8.5,10.8,2.3,21%
9244,8.6,10.8,2.2,21%
9398,10.8,10.8,0.0,0%
5885,16.0,10.7,5.2,49%
3394,11.2,10.7,0.5,5%
3858,3.8,10.7,6.9,64%
2621,6.7,10.7,4.0,37%
8585,9.2,10.7,1.5,14%
5406,11.0,10.7,0.3,3%
3122,9.3,10.7,1.4,13%
11108,11.0,10.7,0.3,3%
5487,10.5,10.7,0.2,2%
2982,15.9,10.6,5.2,49%
7801,12.6,10.6,2.0,19%
11341,9.0,10.6,1.6,15%
11780,5.4,10.6,5.2,49%
4537,8.0,10.6,2.6,24%
12805,7.9,10.6,2.7,25%
3646,11.2,10.6,0.7,6%
3428,10.2,10.6,0.4,4%
8896,11.0,10.6,0.4,4%
12842,4.1,10.5,6.4,61%
9866,4.4,10.5,6.2,59%
3874,16.0,10.5,5.4,52%
11237,8.2,10.5,2.3,22%
9949,9.0,10.5,1.6,15%
4252,11.9,10.5,1.4,13%
7928,10.1,10.5,0.4,4%
4658,13.9,10.5,3.4,32%
7771,7.8,10.5,2.7,25%
10304,10.9,10.5,0.4,3%
5499,6.8,10.5,3.7,35%
3601,12.3,10.5,1.8,17%
2021,12.9,10.4,2.5,24%
10626,6.6,10.4,3.8,37%
11582,10.3,10.4,0.2,2%
5989,5.9,10.4,4.5,44%
4828,14.0,10.4,3.6,35%
10009,13.5,10.4,3.1,30%
10703,8.1,10.4,2.2,22%
1666,8.2,10.3,2.2,21%
10391,7.7,10.3,2.7,26%
7474,10.9,10.3,0.6,6%
10179,10.6,10.3,0.3,3%
11712,6.4,10.3,3.9,38%
10842,7.3,10.3,3.0,29%
9241,11.9,10.3,1.7,16%
1185,8.9,10.3,1.3,13%
6782,5.9,10.2,4.3,42%
6567,6.1,10.2,4.1,41%
1455,8.0,10.2,2.2,22%
5889,11.7,10.2,1.5,15%
8837,8.8,10.2,1.5,14%
4599,7.1,10.2,3.1,30%
2921,11.4,10.2,1.3,12%
5679,9.7,10.2,0.5,5%
5935,6.2,10.2,3.9,39%
10263,11.4,10.2,1.2,12%
5952,6.6,10.1,3.5,35%
5766,8.9,10.1,1.3,12%
11185,11.3,10.1,1.1,11%
3729,11.0,10.1,0.9,9%
8179,9.4,10.1,0.7,7%
4161,9.4,10.1,0.7,7%
11754,8.8,10.1,1.2,12%
1354,10.7,10.1,0.6,6%
6837,7.3,10.0,2.7,27%
5289,9.2,10.0,0.8,8%
5577,10.5,10.0,0.5,5%
10832,9.9,10.0,0.1,1%
1087,6.9,10.0,3.1,31%
11783,8.6,10.0,1.4,14%
9160,9.7,10.0,0.3,3%
9222,5.5,10.0,4.4,45%
2219,5.1,9.9,4.8,48%
5298,8.1,9.9,1.9,19%
8877,10.0,9.9,0.1,1%
3418,4.3,9.9,5.6,57%
389,12.8,9.9,3.0,30%
11182,7.6,9.9,2.3,23%
7639,9.8,9.9,0.0,0%
1952,7.4,9.9,2.4,25%
1720,12.8,9.8,2.9,30%
5655,11.5,9.8,1.7,17%
3567,8.8,9.8,1.0,10%
12968,3.9,9.8,5.9,60%
9050,4.3,9.8,5.5,57%
7206,10.8,9.8,1.0,11%
10610,9.1,9.8,0.7,7%
10556,10.0,9.8,0.2,2%
4649,14.8,9.8,5.0,51%
7100,10.4,9.8,0.7,7%
10448,4.7,9.7,5.1,52%
10319,5.9,9.7,3.8,39%
10834,8.4,9.7,1.4,14%
5844,8.4,9.7,1.3,13%
10348,9.0,9.7,0.7,7%
4580,7.4,9.7,2.3,24%
6656,11.6,9.7,1.9,20%
3395,10.4,9.7,0.7,7%
2943,9.7,9.7,0.0,0%
12626,5.9,9.7,3.8,39%
12459,8.3,9.7,1.4,14%
12707,8.4,9.7,1.3,13%
8099,9.2,9.7,0.5,5%
11372,10.0,9.7,0.3,3%
9837,9.4,9.7,0.2,3%
7369,9.4,9.7,0.2,2%
8196,9.6,9.7,0.1,1%
5168,14.4,9.6,4.8,50%
10444,7.2,9.6,2.4,25%
1054,7.8,9.6,1.8,19%
12829,11.1,9.6,1.5,15%
748,10.0,9.6,0.4,4%
7140,15.8,9.6,6.3,65%
1223,6.9,9.6,2.7,28%
626,7.8,9.6,1.8,19%
8719,8.0,9.6,1.6,16%
1835,6.4,9.6,3.2,33%
11646,6.7,9.6,2.8,29%
12055,12.3,9.6,2.7,28%
9577,8.3,9.6,1.3,14%
2312,4.7,9.5,4.8,50%
10233,5.3,9.5,4.3,45%
11633,7.2,9.5,2.4,25%
7276,11.8,9.5,2.3,24%
10517,9.2,9.5,0.4,4%
9672,5.3,9.5,4.1,44%
2038,12.8,9.5,3.4,36%
6998,13.2,9.4,3.8,40%
8804,7.0,9.4,2.4,26%
4913,9.8,9.4,0.4,4%
10483,6.7,9.4,2.7,29%
7414,6.8,9.4,2.6,27%
8490,7.3,9.4,2.1,22%
9785,10.9,9.4,1.5,16%
6516,8.0,9.4,1.4,15%
12787,10.1,9.4,0.7,8%
8117,8.8,9.4,0.6,6%
9437,9.6,9.4,0.3,3%
7994,4.2,9.4,5.1,55%
11673,11.7,9.4,2.3,25%
9559,11.3,9.4,1.9,20%
1158,11.2,9.4,1.9,20%
957,7.6,9.4,1.7,19%
2180,8.4,9.4,0.9,10%
2406,4.5,9.3,4.8,52%
4443,6.3,9.3,3.0,32%
3077,6.7,9.3,2.6,28%
9807,7.7,9.3,1.6,17%
4679,9.9,9.3,0.5,6%
2963,9.3,9.3,0.0,0%
8706,9.0,9.3,0.3,3%
319,4.4,9.3,4.9,53%
4137,5.6,9.3,3.7,39%
10522,11.7,9.3,2.4,26%
5876,9.3,9.3,0.0,0%
5010,6.6,9.2,2.6,29%
6800,11.1,9.2,1.8,20%
3598,7.9,9.2,1.4,15%
12038,7.9,9.2,1.3,15%
2672,10.0,9.2,0.8,8%
767,3.7,9.2,5.5,59%
873,6.9,9.2,2.3,25%
3624,8.2,9.2,1.0,11%
6389,9.6,9.2,0.4,5%
6268,8.9,9.2,0.2,3%
6238,12.1,9.2,3.0,32%
9051,8.6,9.2,0.6,6%
7316,9.6,9.2,0.4,5%
9420,9.0,9.2,0.2,2%
7925,3.5,9.1,5.6,61%
9936,9.7,9.1,0.6,6%
754,9.5,9.1,0.4,4%
471,8.7,9.1,0.4,4%
12610,8.8,9.1,0.3,4%
1763,8.8,9.1,0.3,3%
4397,10.4,9.1,1.3,14%
9346,18.0,9.1,9.0,99%
3753,11.7,9.1,2.6,29%
3496,8.1,9.1,1.0,11%
5147,10.0,9.1,0.9,10%
11702,9.6,9.1,0.6,6%
11571,8.7,9.1,0.4,4%
3594,9.4,9.1,0.3,4%
8774,9.1,9.1,0.0,0%
1566,4.8,9.0,4.2,47%
1063,6.5,9.0,2.5,28%
6376,8.1,9.0,1.0,11%
2364,5.4,9.0,3.6,40%
8361,10.3,9.0,1.3,14%
5579,8.5,9.0,0.5,6%
1568,9.2,9.0,0.2,3%
1750,9.1,9.0,0.1,1%
4486,6.3,9.0,2.6,29%
7681,8.1,9.0,0.9,9%
3713,4.3,8.9,4.6,52%
2923,4.4,8.9,4.5,51%
8569,6.5,8.9,2.5,28%
10809,7.1,8.9,1.8,20%
9065,8.4,8.9,0.5,6%
11614,15.1,8.9,6.2,69%
11977,12.3,8.9,3.4,38%
894,7.5,8.9,1.4,16%
12622,10.0,8.9,1.1,12%
5583,9.9,8.9,1.0,11%
10568,9.2,8.9,0.3,4%
8181,8.7,8.9,0.2,2%
4977,8.8,8.9,0.1,1%
2648,8.8,8.9,0.1,1%
2211,8.9,8.9,0.0,0%
3596,8.6,8.9,0.3,3%
9111,2.8,8.8,6.0,68%
2717,7.2,8.8,1.7,19%
683,10.4,8.8,1.6,18%
2012,8.4,8.8,0.4,5%
1261,6.6,8.8,2.2,25%
7394,8.1,8.8,0.7,8%
11612,3.8,8.8,5.0,57%
2909,4.9,8.8,3.8,44%
7084,8.3,8.8,0.5,6%
6946,9.1,8.8,0.3,4%
1622,9.0,8.8,0.3,3%
7219,8.6,8.8,0.2,2%
8188,3.0,8.7,5.7,66%
11375,13.5,8.7,4.8,55%
8081,12.2,8.7,3.5,40%
77,6.6,8.7,2.2,25%
8807,7.2,8.7,1.5,18%
1892,7.2,8.7,1.5,17%
5527,8.5,8.7,0.3,3%
3742,5.0,8.7,3.7,43%
11893,10.8,8.7,2.1,24%
9933,7.5,8.7,1.2,14%
5890,7.7,8.7,1.0,11%
5423,9.3,8.7,0.6,7%
9401,8.9,8.7,0.2,2%
11423,8.7,8.7,0.1,1%
8887,9.9,8.7,1.2,14%
11586,8.5,8.7,0.2,2%
6386,8.6,8.7,0.0,1%
8514,6.8,8.6,1.8,21%
12191,7.6,8.6,1.0,12%
7027,9.7,8.6,1.0,12%
9048,13.4,8.6,4.8,56%
1157,5.5,8.6,3.1,36%
3188,9.2,8.6,0.6,7%
7722,8.1,8.6,0.5,6%
8046,9.0,8.6,0.3,4%
4868,11.5,8.6,3.0,35%
9351,7.1,8.6,1.4,17%
9040,9.6,8.6,1.1,12%
5852,7.5,8.6,1.0,12%
5831,8.7,8.6,0.1,1%
10481,5.4,8.5,3.1,37%
11828,6.3,8.5,2.3,27%
114,10.4,8.5,1.8,21%
891,6.9,8.5,1.6,19%
2158,9.9,8.5,1.3,16%
8076,9.6,8.5,1.1,13%
778,9.5,8.5,1.0,12%
7582,8.2,8.5,0.4,4%
1975,8.7,8.5,0.1,1%
10390,3.7,8.5,4.8,57%
6799,5.3,8.5,3.3,38%
3819,10.4,8.5,1.9,23%
7240,7.2,8.5,1.3,15%
5005,7.7,8.5,0.8,9%
10601,2.0,8.5,6.5,77%
10157,4.4,8.5,4.1,48%
6634,5.9,8.5,2.5,30%
12931,6.6,8.5,1.9,22%
12943,9.8,8.5,1.3,15%
1908,8.6,8.5,0.2,2%
5440,9.1,8.4,0.7,8%
520,7.9,8.4,0.6,7%
1234,9.0,8.4,0.6,7%
3148,8.9,8.4,0.5,6%
11377,6.0,8.4,2.4,29%
2932,7.8,8.4,0.6,7%
6239,5.1,8.4,3.3,39%
8092,5.3,8.4,3.1,37%
6476,6.7,8.4,1.7,20%
12508,7.0,8.4,1.4,16%
2304,9.3,8.4,1.0,11%
12616,7.9,8.4,0.5,6%
462,8.5,8.4,0.1,2%
2922,4.9,8.3,3.4,41%
9137,7.8,8.3,0.6,7%
8030,8.1,8.3,0.2,3%
1421,6.2,8.3,2.2,26%
4973,6.6,8.3,1.7,20%
1463,9.6,8.3,1.2,15%
967,7.3,8.3,1.0,12%
239,7.3,8.3,1.0,12%
11576,7.7,8.3,0.6,7%
7777,4.2,8.3,4.1,50%
4984,5.0,8.3,3.3,40%
11006,11.0,8.3,2.7,32%
2809,7.0,8.3,1.3,15%
4111,7.5,8.3,0.8,10%
5585,7.5,8.3,0.8,9%
2737,10.9,8.2,2.7,32%
4367,6.2,8.2,2.1,25%
12035,6.7,8.2,1.6,19%
3833,9.3,8.2,1.0,12%
547,7.3,8.2,1.0,12%
1078,8.4,8.2,0.2,2%
2274,8.2,8.2,0.1,1%
8794,9.6,8.2,1.4,17%
5842,8.4,8.2,0.2,3%
9615,5.3,8.1,2.9,35%
8805,9.6,8.1,1.5,18%
2320,7.6,8.1,0.6,7%
4632,8.0,8.1,0.2,2%
8273,9.8,8.1,1.7,21%
8496,6.5,8.1,1.6,19%
12123,6.7,8.1,1.5,18%
9895,5.9,8.1,2.2,28%
2494,6.8,8.1,1.3,16%
8713,7.5,8.1,0.6,7%
11553,3.9,8.0,4.2,52%
1913,4.3,8.0,3.7,46%
10637,10.7,8.0,2.6,33%
11819,6.3,8.0,1.8,22%
7643,9.4,8.0,1.4,17%
8114,9.3,8.0,1.3,16%
11716,7.0,8.0,1.1,13%
12812,7.8,8.0,0.2,3%
8882,8.1,8.0,0.1,1%
12788,8.1,8.0,0.1,1%
9537,-1.0,8.0,9.0,112%
4454,3.4,8.0,4.6,57%
9548,11.2,8.0,3.2,40%
3949,10.9,8.0,2.9,36%
10799,10.3,8.0,2.2,28%
9628,9.1,8.0,1.1,13%
4951,7.4,8.0,0.6,7%
232,8.5,8.0,0.4,5%
4400,8.4,8.0,0.4,5%
11963,8.4,8.0,0.4,5%
5348,8.4,8.0,0.4,5%
12286,8.1,8.0,0.1,2%
6990,2.6,8.0,5.4,68%
8507,4.2,8.0,3.8,48%
7583,4.2,8.0,3.8,48%
3422,6.6,8.0,1.4,17%
8241,6.9,8.0,1.1,14%
7564,8.7,8.0,0.7,9%
4960,8.6,8.0,0.7,8%
7293,7.3,8.0,0.6,8%
6284,8.5,8.0,0.6,7%
12915,7.8,8.0,0.2,2%
9606,8.0,8.0,0.0,0%
10747,4.1,7.9,3.8,48%
2930,5.5,7.9,2.4,30%
5548,10.1,7.9,2.2,27%
12274,7.4,7.9,0.5,6%
4221,7.6,7.9,0.3,4%
11206,8.2,7.9,0.2,3%
11317,8.0,7.9,0.0,0%
11794,2.2,7.9,5.6,72%
11739,13.3,7.9,5.4,68%
6902,10.1,7.9,2.2,28%
6794,8.6,7.9,0.7,9%
5845,8.6,7.9,0.7,9%
12445,8.5,7.9,0.6,7%
1901,7.5,7.9,0.4,5%
4732,7.6,7.9,0.3,4%
124,8.1,7.9,0.2,3%
10829,3.7,7.9,4.1,53%
9372,6.4,7.9,1.5,19%
3967,8.7,7.9,0.9,11%
12899,8.3,7.9,0.5,6%
6329,4.0,7.8,3.9,49%
888,4.4,7.8,3.4,43%
3664,10.5,7.8,2.7,35%
7268,8.9,7.8,1.0,13%
7304,6.8,7.8,1.0,13%
6701,8.7,7.8,0.9,11%
3883,7.0,7.8,0.8,11%
11261,8.6,7.8,0.8,10%
5415,12.1,7.8,4.3,55%
2505,12.0,7.8,4.2,54%
10243,8.5,7.8,0.7,9%
1637,8.0,7.8,0.2,3%
6144,4.3,7.8,3.5,45%
1861,6.6,7.8,1.1,14%
10811,15.8,7.7,8.1,105%
12331,3.8,7.7,3.9,51%
9800,7.2,7.7,0.5,6%
9678,7.4,7.7,0.3,4%
6532,7.6,7.7,0.1,2%
6280,7.8,7.7,0.1,1%
1277,2.6,7.7,5.1,66%
4243,9.8,7.7,2.1,27%
10878,8.0,7.7,0.3,3%
8139,10.4,7.7,2.7,35%
10589,5.9,7.7,1.8,23%
1406,7.7,7.7,0.1,1%
6562,2.9,7.6,4.7,62%
9365,3.2,7.6,4.4,58%
3843,10.3,7.6,2.7,35%
11474,5.4,7.6,2.2,29%
6348,8.5,7.6,0.9,12%
861,7.5,7.6,0.2,2%
9285,10.1,7.6,2.5,33%
3042,5.9,7.6,1.7,22%
72,6.0,7.6,1.6,20%
4025,6.2,7.6,1.4,18%
1237,6.4,7.6,1.2,16%
2060,6.5,7.6,1.1,14%
12960,7.1,7.6,0.5,7%
185,7.6,7.6,0.0,1%
10439,10.0,7.6,2.4,32%
1105,5.5,7.6,2.1,27%
490,8.2,7.6,0.6,8%
10524,8.1,7.6,0.5,7%
13048,7.8,7.6,0.2,3%
11041,3.4,7.5,4.1,55%
6978,4.2,7.5,3.3,44%
9092,9.3,7.5,1.7,23%
2342,9.0,7.5,1.5,20%
2122,6.5,7.5,1.0,13%
3448,2.3,7.5,5.2,69%
9357,11.4,7.5,3.9,52%
2142,5.4,7.5,2.1,28%
12115,5.5,7.5,2.0,26%
8736,6.1,7.5,1.4,19%
13030,7.9,7.5,0.5,6%
3790,7.4,7.5,0.1,2%
6661,3.8,7.5,3.7,49%
7232,4.7,7.5,2.7,37%
1539,7.3,7.5,0.2,2%
2715,7.4,7.5,0.1,1%
12690,9.3,7.4,1.9,25%
5716,6.1,7.4,1.3,18%
12600,7.7,7.4,0.3,4%
485,3.1,7.4,4.3,58%
4754,9.9,7.4,2.5,34%
2100,6.3,7.4,1.1,15%
12124,6.4,7.4,1.0,13%
3396,8.3,7.4,0.9,12%
5146,8.1,7.4,0.8,10%
699,7.0,7.4,0.4,5%
2576,4.8,7.4,2.6,35%
11414,8.5,7.4,1.1,15%
7389,8.3,7.4,0.9,13%
1629,6.5,7.4,0.9,12%
7092,8.2,7.4,0.9,12%
4539,6.6,7.4,0.7,10%
1735,7.2,7.4,0.2,3%
10531,4.5,7.3,2.8,39%
9612,5.6,7.3,1.7,23%
7071,6.6,7.3,0.8,10%
10058,7.3,7.3,0.1,1%
3382,7.3,7.3,0.0,0%
12983,4.2,7.3,3.1,42%
1565,6.3,7.3,1.0,14%
10362,7.7,7.3,0.4,6%
2705,7.4,7.3,0.1,1%
11948,4.9,7.3,2.4,33%
2636,6.2,7.3,1.1,15%
131,7.0,7.3,0.2,3%
6218,2.4,7.2,4.9,67%
1046,4.6,7.2,2.7,37%
10305,6.9,7.2,0.3,5%
6200,4.3,7.2,2.8,40%
2544,8.4,7.2,1.2,17%
6178,6.2,7.2,1.0,14%
5547,6.7,7.2,0.5,6%
5263,13.7,7.2,6.5,91%
7610,6.4,7.2,0.7,10%
6322,7.7,7.2,0.5,8%
1980,6.8,7.2,0.4,5%
7355,7.3,7.2,0.2,2%
1004,4.7,7.1,2.4,33%
1403,8.9,7.1,1.8,25%
8054,8.1,7.1,1.0,14%
2485,7.9,7.1,0.8,11%
6527,7.8,7.1,0.7,9%
1683,7.0,7.1,0.1,2%
1744,7.1,7.1,0.1,1%
4596,3.1,7.1,4.0,57%
13062,3.1,7.1,4.0,56%
6075,9.7,7.1,2.6,37%
836,4.7,7.1,2.4,34%
8286,8.8,7.1,1.7,24%
9906,5.9,7.1,1.2,16%
6629,7.9,7.1,0.8,12%
4850,7.6,7.1,0.5,7%
9648,6.8,7.1,0.3,4%
2754,6.9,7.1,0.2,3%
7086,6.9,7.1,0.2,2%
5428,7.0,7.1,0.1,1%
6535,4.4,7.1,2.7,38%
10455,6.1,7.1,1.0,14%
8838,7.5,7.1,0.5,7%
11720,7.4,7.1,0.3,5%
7687,4.9,7.0,2.1,30%
7731,5.1,7.0,2.0,28%
6940,7.9,7.0,0.9,13%
3623,7.1,7.0,0.1,1%
5773,9.1,7.0,2.1,30%
10980,5.4,7.0,1.6,23%
11146,6.3,7.0,0.7,9%
5344,7.4,7.0,0.4,6%
12470,4.3,7.0,2.7,38%
3453,4.4,7.0,2.5,36%
635,3.1,6.9,3.9,56%
6714,4.6,6.9,2.3,34%
2456,4.8,6.9,2.1,31%
1794,5.3,6.9,1.7,24%
9589,5.6,6.9,1.4,19%
2102,7.9,6.9,1.0,14%
7342,7.6,6.9,0.7,10%
11179,6.5,6.9,0.4,6%
12888,6.8,6.9,0.1,2%
13156,6.8,6.9,0.1,2%
6655,10.5,6.9,3.6,52%
1995,4.3,6.9,2.6,37%
282,4.6,6.9,2.3,34%
11573,4.9,6.9,2.0,29%
4721,8.8,6.9,1.9,27%
5059,5.2,6.9,1.7,24%
9586,5.4,6.9,1.5,21%
2265,8.2,6.9,1.3,19%
6134,5.9,6.9,1.0,14%
12292,6.3,6.9,0.6,9%
12726,6.4,6.9,0.5,8%
5817,3.9,6.9,3.0,43%
127,5.7,6.9,1.2,17%
12945,6.0,6.9,0.9,13%
11593,9.6,6.8,2.8,40%
7805,4.8,6.8,2.0,30%
8440,4.9,6.8,2.0,29%
4966,7.8,6.8,1.0,14%
1783,7.6,6.8,0.8,12%
4829,8.3,6.8,1.5,22%
8130,5.4,6.8,1.4,21%
3087,5.4,6.8,1.4,21%
5959,8.0,6.8,1.2,17%
9915,5.7,6.8,1.1,16%
11312,6.1,6.8,0.7,10%
11731,4.3,6.8,2.5,37%
12231,7.6,6.8,0.8,12%
10618,6.6,6.8,0.2,3%
7906,6.8,6.8,0.1,1%
10765,5.6,6.7,1.1,17%
514,7.6,6.7,0.8,12%
2554,6.6,6.7,0.1,2%
2078,6.7,6.7,0.1,1%
1331,9.1,6.7,2.4,36%
6422,4.3,6.7,2.4,36%
8369,4.6,6.7,2.1,32%
7512,4.9,6.7,1.8,28%
895,7.8,6.7,1.1,16%
7426,6.3,6.7,0.4,5%
9132,6.8,6.7,0.1,2%
8203,6.8,6.7,0.1,1%
3850,6.7,6.7,0.0,1%
8040,6.7,6.7,0.0,0%
2730,8.6,6.7,2.0,29%
3463,5.2,6.7,1.5,22%
9934,7.6,6.7,0.9,14%
3621,7.6,6.7,0.9,13%
7989,6.0,6.7,0.7,11%
5222,6.4,6.7,0.3,4%
3056,6.9,6.7,0.2,3%
5338,6.9,6.7,0.2,3%
2941,6.8,6.7,0.2,3%
10898,6.8,6.7,0.1,2%
7241,2.4,6.6,4.2,64%
9768,4.4,6.6,2.3,34%
6928,5.5,6.6,1.1,17%
5570,6.8,6.6,0.1,2%
5767,6.7,6.6,0.1,1%
12549,8.4,6.6,1.8,28%
266,4.9,6.6,1.7,25%
11933,5.4,6.6,1.2,18%
8842,5.5,6.6,1.1,16%
3999,6.1,6.6,0.5,7%
2048,6.1,6.6,0.5,7%
4091,7.0,6.6,0.4,7%
6242,6.9,6.6,0.3,4%
4670,4.5,6.6,2.0,31%
11834,5.1,6.6,1.5,23%
2721,5.2,6.6,1.4,21%
4417,5.3,6.6,1.2,19%
4093,5.5,6.6,1.1,17%
8988,5.9,6.6,0.7,11%
493,7.0,6.6,0.5,7%
12692,6.3,6.6,0.2,4%
7120,6.6,6.6,0.0,0%
1634,3.7,6.5,2.8,43%
7496,8.9,6.5,2.4,36%
3285,6.9,6.5,0.4,5%
8703,7.8,6.5,1.3,21%
4878,5.2,6.5,1.3,20%
12887,5.3,6.5,1.2,18%
12584,5.9,6.5,0.6,10%
11379,6.6,6.5,0.1,2%
10124,6.6,6.5,0.0,1%
192,1.8,6.5,4.7,72%
1338,11.1,6.5,4.6,71%
3627,9.2,6.5,2.8,43%
12901,9.0,6.5,2.6,40%
11219,8.4,6.5,1.9,30%
8879,4.7,6.5,1.8,27%
6418,5.4,6.5,1.1,17%
6512,7.4,6.5,0.9,14%
10127,5.9,6.5,0.6,9%
8145,6.0,6.5,0.5,8%
10342,6.0,6.5,0.5,7%
8446,6.9,6.5,0.4,6%
8936,6.1,6.5,0.4,6%
5830,6.3,6.5,0.2,3%
3912,6.5,6.5,0.0,0%
8996,2.5,6.4,3.9,60%
8803,9.4,6.4,3.0,46%
2191,4.0,6.4,2.4,37%
13130,4.2,6.4,2.2,35%
8905,4.8,6.4,1.6,26%
9646,8.0,6.4,1.5,24%
11898,4.9,6.4,1.5,24%
640,5.3,6.4,1.1,17%
4208,5.7,6.4,0.8,12%
10981,6.9,6.4,0.5,7%
4058,6.2,6.4,0.2,4%
6888,6.5,6.4,0.1,1%
29,1.8,6.4,4.6,72%
2674,9.0,6.4,2.6,41%
12152,4.9,6.4,1.5,24%
469,7.3,6.4,0.9,14%
10125,5.8,6.4,0.6,9%
1392,4.6,6.4,1.7,27%
1365,7.8,6.4,1.4,22%
12063,7.8,6.4,1.4,22%
9686,7.6,6.4,1.2,19%
6607,5.3,6.4,1.1,17%
11504,7.4,6.4,1.0,16%
2902,7.4,6.4,1.0,16%
2763,5.5,6.4,0.9,14%
9075,5.8,6.4,0.6,10%
9920,6.7,6.4,0.4,6%
4087,6.5,6.4,0.1,1%
4410,8.7,6.3,2.3,37%
9670,4.2,6.3,2.1,33%
6100,5.4,6.3,0.9,14%
11930,6.7,6.3,0.4,6%
8027,6.1,6.3,0.2,3%
6117,8.8,6.3,2.5,40%
11382,3.9,6.3,2.4,38%
10563,8.7,6.3,2.3,37%
12208,4.3,6.3,2.0,32%
1953,8.2,6.3,1.9,31%
13100,8.1,6.3,1.8,29%
9286,5.0,6.3,1.3,20%
3129,6.8,6.3,0.5,8%
5079,6.2,6.3,0.1,1%
8894,3.9,6.3,2.4,38%
1926,5.1,6.3,1.2,19%
6414,5.1,6.3,1.2,19%
6717,7.0,6.3,0.8,12%
3620,5.7,6.3,0.5,8%
6754,6.2,6.3,0.1,2%
5668,5.2,6.2,1.0,17%
10208,6.7,6.2,0.5,8%
1909,6.7,6.2,0.4,7%
5669,6.6,6.2,0.3,5%
10804,6.0,6.2,0.3,4%
11748,6.1,6.2,0.1,2%
7629,6.2,6.2,0.1,1%
4209,4.6,6.2,1.7,27%
5627,4.9,6.2,1.3,21%
6805,7.4,6.2,1.2,19%
3070,6.8,6.2,0.6,10%
2743,5.8,6.2,0.4,7%
4544,5.8,6.2,0.4,6%
10775,5.9,6.2,0.3,5%
2155,6.3,6.2,0.1,1%
13043,6.2,6.2,0.0,0%
11369,7.0,6.2,0.8,13%
3975,5.7,6.2,0.5,8%
3840,6.4,6.2,0.3,4%
3510,4.6,6.1,1.5,25%
8731,8.6,6.1,2.5,40%
4027,4.3,6.1,1.8,30%
6506,7.8,6.1,1.7,28%
1726,6.7,6.1,0.6,9%
10190,5.7,6.1,0.4,7%
195,5.9,6.1,0.2,3%
10670,6.2,6.1,0.0,1%
1630,11.2,6.1,5.1,84%
3924,3.8,6.1,2.3,37%
11195,4.2,6.1,1.9,32%
7992,7.8,6.1,1.8,29%
1438,6.9,6.1,0.8,14%
3138,5.7,6.1,0.4,7%
4909,5.9,6.1,0.2,2%
5875,9.2,6.0,3.2,53%
7680,4.3,6.0,1.7,29%
9983,4.7,6.0,1.3,22%
1989,7.2,6.0,1.2,20%
128,5.0,6.0,1.1,18%
8913,5.0,6.0,1.0,17%
8937,5.3,6.0,0.7,12%
9201,6.4,6.0,0.4,6%
7683,6.1,6.0,0.1,2%
2841,6.0,6.0,0.0,1%
268,4.9,6.0,1.1,18%
666,5.1,6.0,0.9,16%
5170,6.7,6.0,0.7,12%
5790,5.6,6.0,0.4,7%
12895,5.8,6.0,0.2,4%
6659,5.8,6.0,0.2,3%
206,8.2,6.0,2.3,38%
3186,4.7,6.0,1.3,22%
5857,5.4,6.0,0.6,9%
9790,6.5,6.0,0.5,8%
11325,6.3,6.0,0.3,6%
10031,9.0,5.9,3.0,51%
8790,7.0,5.9,1.1,18%
9293,5.2,5.9,0.8,13%
11072,6.6,5.9,0.6,11%
9415,5.4,5.9,0.6,10%
11917,6.5,5.9,0.5,9%
10137,6.2,5.9,0.2,4%
916,8.5,5.9,2.6,43%
4964,7.0,5.9,1.1,18%
4683,5.1,5.9,0.8,14%
2124,5.3,5.9,0.7,11%
972,5.4,5.9,0.5,9%
9633,5.5,5.9,0.4,6%
7431,7.8,5.9,2.0,33%
1643,4.2,5.9,1.7,28%
11998,6.7,5.9,0.8,13%
10841,5.1,5.9,0.7,13%
11007,5.4,5.9,0.5,9%
2255,5.7,5.9,0.2,4%
9473,5.9,5.9,0.0,0%
451,5.9,5.9,0.0,0%
11240,10.9,5.8,5.1,87%
3978,7.2,5.8,1.4,23%
1067,4.9,5.8,1.0,17%
10850,4.9,5.8,0.9,16%
8664,5.0,5.8,0.9,15%
8555,5.7,5.8,0.2,3%
6984,10.2,5.8,4.4,76%
1164,3.2,5.8,2.6,45%
12654,4.1,5.8,1.7,30%
7773,6.9,5.8,1.1,19%
7367,5.0,5.8,0.8,14%
11189,5.1,5.8,0.7,12%
3512,5.6,5.8,0.2,4%
3659,5.7,5.8,0.2,3%
11101,8.2,5.8,2.4,42%
12439,8.1,5.8,2.3,40%
11218,3.8,5.8,2.0,35%
7535,7.6,5.8,1.8,32%
8207,7.5,5.8,1.7,29%
704,4.1,5.8,1.6,28%
6543,4.4,5.8,1.4,24%
2205,6.7,5.8,0.9,16%
10970,4.9,5.8,0.8,14%
9409,5.6,5.8,0.2,4%
11156,5.9,5.8,0.2,3%
13116,5.8,5.8,0.0,0%
3420,9.6,5.7,3.9,67%
1978,8.3,5.7,2.6,45%
3534,7.4,5.7,1.7,29%
3336,7.0,5.7,1.3,22%
11736,4.9,5.7,0.8,14%
415,5.9,5.7,0.2,3%
6618,5.9,5.7,0.2,3%
11589,7.3,5.7,1.5,27%
78,5.0,5.7,0.7,13%
7059,6.3,5.7,0.6,11%
1838,5.2,5.7,0.5,9%
7996,5.7,5.7,0.0,0%
7146,8.5,5.7,2.8,50%
10311,4.0,5.7,1.7,30%
10171,4.0,5.7,1.7,29%
3041,6.8,5.7,1.1,20%
7738,4.6,5.7,1.0,18%
12872,4.7,5.7,1.0,17%
3638,5.0,5.7,0.7,12%
3788,5.6,5.7,0.1,2%
1620,5.7,5.7,0.0,0%
7796,9.0,5.7,3.3,59%
2826,6.4,5.7,0.8,14%
10159,5.0,5.7,0.7,12%
5535,6.3,5.7,0.7,12%
2706,5.1,5.7,0.5,9%
8527,5.4,5.7,0.3,5%
8006,5.8,5.7,0.1,2%
4282,5.6,5.7,0.0,1%
7821,8.6,5.6,3.0,53%
9045,3.0,5.6,2.6,47%
5477,7.4,5.6,1.8,33%
8834,7.0,5.6,1.4,24%
9516,6.8,5.6,1.2,21%
12853,4.5,5.6,1.1,20%
5824,4.5,5.6,1.1,20%
4404,4.9,5.6,0.8,14%
5624,5.2,5.6,0.4,7%
9618,5.9,5.6,0.2,4%
1588,5.5,5.6,0.1,3%
11629,5.6,5.6,0.0,0%
9350,6.5,5.6,0.9,16%
2758,5.2,5.6,0.3,6%
3683,3.4,5.6,2.1,38%
10108,4.3,5.6,1.3,23%
11894,6.1,5.6,0.6,11%
8255,6.1,5.6,0.6,11%
3160,5.2,5.6,0.4,7%
447,5.6,5.6,0.1,1%
6234,9.5,5.5,3.9,71%
3296,8.7,5.5,3.2,58%
5911,4.1,5.5,1.4,26%
531,6.8,5.5,1.3,23%
9029,4.6,5.5,0.9,16%
5672,4.7,5.5,0.8,15%
10697,4.8,5.5,0.7,12%
12384,5.1,5.5,0.4,8%
3584,5.2,5.5,0.4,6%
10659,5.3,5.5,0.3,5%
7786,5.4,5.5,0.2,3%
5387,5.5,5.5,0.0,1%
12820,5.5,5.5,0.0,0%
12222,12.1,5.5,6.6,120%
2476,7.5,5.5,2.0,36%
10919,4.6,5.5,0.9,17%
1444,4.6,5.5,0.9,16%
8566,5.6,5.5,0.2,3%
383,5.6,5.5,0.1,2%
12212,5.4,5.5,0.0,1%
2565,4.0,5.5,1.4,26%
11167,4.5,5.5,0.9,17%
8248,4.8,5.5,0.7,12%
1781,6.1,5.5,0.7,12%
2561,5.6,5.5,0.1,2%
1315,5.4,5.5,0.1,2%
9421,5.5,5.5,0.0,0%
9402,2.2,5.4,3.2,59%
3536,2.5,5.4,2.9,54%
5759,6.9,5.4,1.5,28%
51,4.4,5.4,1.0,18%
1810,5.9,5.4,0.5,9%
7661,5.0,5.4,0.5,9%
1739,5.5,5.4,0.1,2%
9480,5.3,5.4,0.1,2%
7672,5.4,5.4,0.0,1%
10392,6.6,5.4,1.2,23%
1665,4.4,5.4,1.0,18%
1925,4.4,5.4,1.0,18%
11565,4.5,5.4,0.9,16%
9515,4.8,5.4,0.6,11%
2327,5.8,5.4,0.4,8%
8897,5.0,5.4,0.4,7%
6734,5.7,5.4,0.3,6%
3303,5.5,5.4,0.1,2%
10579,5.3,5.4,0.1,1%
10674,6.6,5.4,1.3,24%
12727,4.2,5.4,1.1,21%
5089,4.8,5.4,0.6,11%
6677,8.0,5.3,2.7,50%
1865,3.8,5.3,1.6,30%
4585,6.4,5.3,1.1,21%
4315,6.3,5.3,1.0,19%
10548,5.9,5.3,0.6,11%
9304,4.9,5.3,0.4,8%
6877,5.7,5.3,0.4,7%
9069,5.1,5.3,0.2,4%
1065,5.5,5.3,0.1,3%
7882,5.2,5.3,0.1,2%
8656,5.3,5.3,0.1,1%
10279,7.6,5.3,2.3,44%
9278,6.9,5.3,1.6,30%
474,3.9,5.3,1.4,26%
11924,4.0,5.3,1.2,24%
4591,4.4,5.3,0.9,17%
4323,4.5,5.3,0.8,15%
6420,4.6,5.3,0.7,14%
1819,6.0,5.3,0.7,13%
3332,4.7,5.3,0.6,12%
2803,4.7,5.3,0.6,12%
10605,4.8,5.3,0.5,9%
11669,5.8,5.3,0.5,9%
7798,5.7,5.3,0.4,8%
13004,4.9,5.3,0.4,7%
4969,4.9,5.3,0.4,7%
1927,5.2,5.3,0.0,1%
2619,9.0,5.3,3.8,71%
165,7.4,5.3,2.2,41%
10684,3.3,5.3,2.0,38%
5444,3.7,5.3,1.5,29%
1791,4.6,5.3,0.6,12%
4869,4.8,5.3,0.4,8%
1873,5.0,5.3,0.3,5%
653,5.0,5.3,0.2,5%
12683,7.7,5.2,2.5,47%
6137,3.3,5.2,1.9,36%
822,5.6,5.2,0.4,8%
6699,3.9,5.2,1.3,25%
7789,4.1,5.2,1.1,22%
11254,6.1,5.2,0.9,18%
5743,4.8,5.2,0.4,8%
4164,4.8,5.2,0.4,7%
6790,2.5,5.2,2.7,52%
5063,3.2,5.2,1.9,37%
1981,4.2,5.2,0.9,18%
9155,4.5,5.2,0.7,13%
3779,5.8,5.2,0.6,12%
7832,4.8,5.2,0.4,7%
2635,3.5,5.1,1.6,32%
7541,3.6,5.1,1.5,29%
8055,3.8,5.1,1.3,26%
8752,6.2,5.1,1.0,20%
8180,6.1,5.1,1.0,19%
7970,4.3,5.1,0.9,17%
3467,8.9,5.1,3.8,75%
2920,3.4,5.1,1.7,34%
9471,3.5,5.1,1.6,31%
12673,6.2,5.1,1.1,22%
112,4.3,5.1,0.7,15%
13085,4.4,5.1,0.7,14%
10542,4.5,5.1,0.6,11%
6084,5.6,5.1,0.5,10%
12114,4.6,5.1,0.5,9%
6243,4.7,5.1,0.4,8%
6015,5.4,5.1,0.3,7%
11853,4.8,5.1,0.3,6%
11057,4.8,5.1,0.3,6%
9007,5.3,5.1,0.2,5%
3960,7.1,5.1,2.1,41%
5879,6.5,5.1,1.5,29%
10262,6.4,5.1,1.3,26%
1446,3.9,5.1,1.2,24%
3068,3.9,5.1,1.1,22%
511,4.3,5.1,0.8,16%
5982,4.4,5.1,0.7,14%
2203,4.6,5.1,0.5,9%
11204,4.6,5.1,0.4,8%
9791,5.4,5.1,0.3,6%
12536,4.8,5.1,0.3,5%
10692,5.1,5.1,0.1,2%
2220,9.1,5.0,4.1,81%
332,4.0,5.0,1.0,21%
12773,4.1,5.0,1.0,19%
11604,4.3,5.0,0.7,15%
1786,4.7,5.0,0.3,7%
9212,4.8,5.0,0.2,5%
11500,5.0,5.0,0.1,1%
4936,8.5,5.0,3.5,71%
6814,8.2,5.0,3.2,64%
1919,5.3,5.0,0.3,5%
5496,5.1,5.0,0.1,1%
5342,5.0,5.0,0.1,1%
12573,6.5,5.0,1.6,31%
10884,6.5,5.0,1.5,30%
6842,5.8,5.0,0.9,17%
9491,4.7,5.0,0.2,5%
2570,5.2,5.0,0.2,4%
11271,4.5,4.9,0.4,9%
1401,4.7,4.9,0.2,5%
6586,8.4,4.9,3.5,72%
1236,6.9,4.9,2.0,41%
1900,6.1,4.9,1.2,26%
9417,3.7,4.9,1.2,25%
8849,3.7,4.9,1.2,25%
2224,5.7,4.9,0.8,16%
7660,5.6,4.9,0.7,15%
9730,4.5,4.9,0.4,9%
7449,5.2,4.9,0.3,7%
2284,5.2,4.9,0.3,5%
3731,5.0,4.9,0.1,2%
1766,4.8,4.9,0.1,1%
11330,4.9,4.9,0.0,1%
1854,3.5,4.9,1.4,29%
12223,3.7,4.9,1.1,24%
2433,4.0,4.9,0.8,17%
10631,4.2,4.9,0.7,14%
11706,4.2,4.9,0.6,13%
5623,5.1,4.9,0.2,5%
968,6.7,4.8,1.8,38%
1826,6.2,4.8,1.4,28%
10789,3.9,4.8,0.9,19%
310,5.4,4.8,0.6,12%
4362,5.3,4.8,0.5,10%
3914,5.3,4.8,0.5,10%
10452,4.4,4.8,0.4,9%
9263,4.4,4.8,0.4,9%
11396,4.6,4.8,0.3,6%
11660,4.9,4.8,0.1,2%
5601,4.8,4.8,0.0,1%
10771,4.8,4.8,0.0,0%
12784,4.8,4.8,0.0,0%
3845,6.3,4.8,1.5,31%
11252,4.1,4.8,0.7,15%
8573,4.2,4.8,0.6,13%
11410,17.4,4.8,12.7,266%
8951,8.2,4.8,3.4,72%
12636,6.8,4.8,2.1,43%
4784,6.2,4.8,1.4,30%
11449,3.9,4.8,0.9,19%
2822,3.9,4.8,0.8,17%
5055,4.1,4.8,0.7,14%
9781,4.2,4.8,0.5,11%
6738,4.4,4.8,0.4,8%
7897,4.9,4.8,0.1,2%
12628,7.4,4.7,2.7,57%
1081,3.8,4.7,0.9,20%
10822,5.1,4.7,0.4,9%
8711,5.0,4.7,0.3,6%
13050,4.7,4.7,0.0,0%
8806,9.0,4.7,4.3,92%
11665,4.1,4.7,0.6,14%
1605,4.4,4.7,0.3,7%
5445,4.9,4.7,0.2,5%
6763,4.5,4.7,0.2,5%
9846,4.9,4.7,0.2,4%
566,6.9,4.7,2.2,48%
11822,3.7,4.7,1.0,21%
6206,3.8,4.7,0.9,19%
10397,3.8,4.7,0.9,18%
12108,3.9,4.7,0.8,16%
6494,4.2,4.7,0.5,11%
980,4.2,4.7,0.5,10%
2568,4.4,4.7,0.3,7%
28,4.5,4.7,0.1,3%
3331,4.7,4.7,0.1,1%
9565,4.6,4.7,0.0,1%
2229,8.7,4.6,4.1,88%
7379,8.3,4.6,3.7,80%
3132,7.7,4.6,3.1,66%
3890,6.6,4.6,1.9,41%
1862,6.4,4.6,1.8,38%
11045,3.3,4.6,1.3,28%
5050,5.8,4.6,1.2,25%
3075,3.7,4.6,0.9,20%
7126,5.3,4.6,0.7,15%
12959,5.3,4.6,0.6,14%
11850,4.2,4.6,0.4,9%
11644,4.9,4.6,0.3,6%
9929,4.5,4.6,0.1,3%
1336,4.6,4.6,0.0,1%
7625,8.7,4.6,4.1,90%
7580,8.4,4.6,3.8,82%
7859,6.7,4.6,2.1,46%
5693,6.2,4.6,1.6,35%
7469,4.1,4.6,0.5,12%
6600,4.1,4.6,0.5,10%
10092,4.2,4.6,0.4,8%
4714,4.8,4.6,0.2,5%
4827,4.4,4.6,0.2,4%
10604,4.6,4.6,0.0,1%
9414,9.4,4.6,4.8,105%
351,9.2,4.6,4.6,101%
708,2.9,4.6,1.7,37%
6453,5.8,4.6,1.2,26%
5559,3.9,4.6,0.7,15%
9106,4.1,4.6,0.4,10%
1166,4.1,4.6,0.4,9%
12799,4.4,4.6,0.1,3%
7993,8.0,4.5,3.5,76%
6900,7.7,4.5,3.2,71%
2736,6.1,4.5,1.6,35%
8770,3.3,4.5,1.3,28%
10073,5.4,4.5,0.9,20%
3720,5.3,4.5,0.8,18%
2077,5.1,4.5,0.6,13%
1487,3.9,4.5,0.6,13%
6599,5.0,4.5,0.5,11%
2291,4.1,4.5,0.4,8%
10968,4.2,4.5,0.3,8%
10736,4.2,4.5,0.3,7%
10651,4.8,4.5,0.3,7%
1434,4.2,4.5,0.3,6%
364,4.6,4.5,0.1,2%
8854,2.9,4.5,1.6,35%
9638,3.0,4.5,1.5,32%
5878,5.9,4.5,1.4,30%
8939,5.4,4.5,0.9,19%
8083,4.8,4.5,0.3,7%
10734,4.2,4.5,0.3,6%
10925,4.3,4.5,0.2,4%
8973,6.0,4.5,1.5,35%
4474,5.5,4.5,1.0,22%
11554,5.0,4.5,0.5,11%
13111,4.0,4.5,0.4,10%
273,4.1,4.5,0.4,9%
5709,4.5,4.5,0.0,0%
12510,9.1,4.4,4.7,105%
7030,6.3,4.4,1.9,43%
53,3.0,4.4,1.4,32%
7557,3.5,4.4,0.9,20%
7381,5.1,4.4,0.6,14%
933,4.1,4.4,0.3,8%
9862,4.7,4.4,0.2,5%
5169,11.4,4.4,7.0,159%
8556,9.5,4.4,5.1,116%
3546,9.3,4.4,4.9,111%
5457,6.5,4.4,2.1,49%
981,2.7,4.4,1.7,38%
8251,5.7,4.4,1.3,29%
3964,3.4,4.4,1.0,22%
10752,3.5,4.4,0.9,20%
10294,3.9,4.4,0.5,11%
8129,4.9,4.4,0.5,11%
8208,4.1,4.4,0.3,7%
1597,4.2,4.4,0.2,4%
11259,4.3,4.4,0.1,2%
1348,4.5,4.4,0.1,2%
6947,8.3,4.4,4.0,91%
1350,7.7,4.4,3.3,76%
2753,1.8,4.4,2.5,58%
12120,2.1,4.4,2.2,51%
11787,6.0,4.4,1.6,38%
10652,6.0,4.4,1.6,37%
9975,5.8,4.4,1.5,33%
2604,2.9,4.4,1.4,33%
9763,5.3,4.4,0.9,21%
1631,3.5,4.4,0.9,20%
6872,4.9,4.4,0.5,12%
7782,4.8,4.4,0.4,9%
2620,4.0,4.4,0.4,9%
10518,4.0,4.4,0.4,9%
2011,4.8,4.4,0.4,9%
1313,4.7,4.4,0.3,7%
8232,4.1,4.4,0.3,6%
9272,4.2,4.4,0.1,3%
57,8.2,4.3,3.9,89%
6087,6.7,4.3,2.4,55%
7119,2.7,4.3,1.6,38%
4639,3.0,4.3,1.4,31%
6761,5.4,4.3,1.0,24%
9553,3.5,4.3,0.8,18%
3462,4.9,4.3,0.6,13%
988,3.8,4.3,0.5,12%
5712,4.5,4.3,0.2,5%
10800,4.4,4.3,0.1,2%
6146,6.5,4.3,2.2,51%
7350,3.1,4.3,1.2,28%
377,3.2,4.3,1.1,25%
11690,5.0,4.3,0.7,16%
3828,4.9,4.3,0.6,13%
9626,3.8,4.3,0.5,13%
7256,3.9,4.3,0.4,9%
143,4.7,4.3,0.3,8%
2003,4.6,4.3,0.3,8%
160,4.0,4.3,0.3,6%
219,4.0,4.3,0.3,6%
5663,4.4,4.3,0.1,2%
8222,6.4,4.3,2.1,50%
4338,3.3,4.3,1.0,24%
2376,3.3,4.3,0.9,22%
3124,5.2,4.3,0.9,21%
8412,5.1,4.3,0.9,21%
680,3.4,4.3,0.9,20%
11035,4.9,4.3,0.6,15%
4662,3.7,4.3,0.5,13%
2200,4.6,4.3,0.3,8%
10141,4.5,4.3,0.3,6%
8848,4.1,4.3,0.2,5%
623,4.4,4.3,0.2,4%
731,4.2,4.3,0.0,1%
13151,6.7,4.2,2.4,58%
6938,5.9,4.2,1.6,39%
3015,5.7,4.2,1.4,34%
8287,5.4,4.2,1.1,27%
2741,4.7,4.2,0.5,12%
10336,3.7,4.2,0.5,12%
3581,4.4,4.2,0.2,5%
6128,4.4,4.2,0.1,3%
1206,4.4,4.2,0.1,3%
11844,5.8,4.2,1.5,37%
10720,3.3,4.2,0.9,22%
202,4.8,4.2,0.6,15%
12118,4.5,4.2,0.3,7%
7124,4.0,4.2,0.2,5%
8366,4.0,4.2,0.2,4%
220,4.0,4.2,0.2,4%
1353,4.3,4.2,0.1,2%
2718,6.2,4.2,2.0,48%
12329,3.2,4.2,0.9,23%
512,3.4,4.2,0.8,19%
13038,4.6,4.2,0.5,11%
5396,4.5,4.2,0.3,7%
10225,4.4,4.2,0.3,6%
12561,3.9,4.2,0.3,6%
11733,4.3,4.2,0.2,4%
935,4.3,4.2,0.1,3%
2847,4.1,4.2,0.1,1%
7216,4.1,4.2,0.0,1%
1267,12.2,4.1,8.1,196%
6097,6.5,4.1,2.4,57%
2022,2.5,4.1,1.7,40%
9107,2.8,4.1,1.3,33%
705,5.3,4.1,1.2,28%
8685,5.1,4.1,1.0,24%
4862,3.3,4.1,0.8,20%
223,3.4,4.1,0.7,17%
12469,4.6,4.1,0.4,10%
11062,4.5,4.1,0.3,8%
9179,3.8,4.1,0.3,7%
8781,3.8,4.1,0.3,7%
2195,4.4,4.1,0.3,7%
5665,3.9,4.1,0.3,7%
8303,4.0,4.1,0.2,4%
6053,4.0,4.1,0.2,4%
4542,4.3,4.1,0.1,3%
3642,5.5,4.1,1.4,34%
10746,5.5,4.1,1.4,34%
6211,5.3,4.1,1.2,30%
12956,4.7,4.1,0.6,15%
950,4.5,4.1,0.4,11%
5197,4.3,4.1,0.2,4%
5399,7.0,4.1,2.9,71%
7195,5.5,4.1,1.4,34%
13027,5.4,4.1,1.3,32%
9822,4.6,4.1,0.5,13%
10505,4.2,4.1,0.2,4%
1806,4.2,4.1,0.2,4%
5859,7.1,4.0,3.0,75%
6493,6.6,4.0,2.5,62%
7850,2.8,4.0,1.2,30%
3590,5.0,4.0,1.0,25%
1370,4.8,4.0,0.7,18%
11034,3.3,4.0,0.7,17%
7927,3.4,4.0,0.6,15%
6501,3.7,4.0,0.4,9%
7726,3.7,4.0,0.4,9%
4270,3.7,4.0,0.3,8%
2377,3.7,4.0,0.3,7%
4885,3.8,4.0,0.3,7%
7807,4.3,4.0,0.3,7%
503,8.8,4.0,4.8,119%
5016,5.5,4.0,1.5,38%
11761,2.8,4.0,1.2,30%
7684,4.8,4.0,0.8,20%
3990,3.3,4.0,0.7,18%
11562,3.3,4.0,0.7,17%
3725,4.5,4.0,0.5,12%
2783,4.4,4.0,0.4,10%
13032,3.7,4.0,0.3,9%
3979,4.2,4.0,0.2,6%
8429,4.1,4.0,0.0,1%
11161,7.8,4.0,3.8,96%
346,6.0,4.0,2.0,50%
9462,5.5,4.0,1.5,38%
7532,3.0,4.0,1.0,24%
4113,4.8,4.0,0.9,21%
1123,3.3,4.0,0.7,18%
7368,3.3,4.0,0.7,16%
7725,3.5,4.0,0.5,12%
1658,3.5,4.0,0.4,11%
7693,3.7,4.0,0.3,7%
5584,4.0,4.0,0.0,1%
12058,6.9,3.9,3.0,75%
4345,6.5,3.9,2.6,65%
2510,2.8,3.9,1.1,29%
8066,5.0,3.9,1.1,28%
8259,4.9,3.9,1.0,25%
234,2.9,3.9,1.0,25%
11498,3.1,3.9,0.8,21%
11872,3.4,3.9,0.5,13%
12704,4.3,3.9,0.4,9%
1914,3.6,3.9,0.3,8%
3524,4.2,3.9,0.3,7%
1249,3.7,3.9,0.2,5%
37,3.9,3.9,0.1,2%
1929,7.0,3.9,3.1,79%
12985,6.4,3.9,2.5,64%
6517,5.2,3.9,1.3,33%
2655,4.8,3.9,0.9,23%
5022,3.2,3.9,0.7,17%
2513,4.1,3.9,0.2,6%
1329,3.8,3.9,0.2,4%
8791,3.8,3.9,0.1,3%
6523,3.8,3.9,0.1,3%
606,7.2,3.9,3.3,85%
1289,6.7,3.9,2.8,73%
1955,5.7,3.9,1.9,48%
2046,4.9,3.9,1.0,27%
12106,3.0,3.9,0.8,22%
10571,4.7,3.9,0.8,21%
3787,4.5,3.9,0.7,17%
942,3.3,3.9,0.6,15%
7267,4.4,3.9,0.5,13%
13066,4.2,3.9,0.3,8%
457,3.7,3.9,0.2,5%
162,3.7,3.9,0.2,4%
2829,3.8,3.9,0.1,2%
726,3.8,3.9,0.1,2%
1362,2.4,3.8,1.4,36%
8146,5.0,3.8,1.2,30%
11983,2.9,3.8,0.9,24%
8665,4.5,3.8,0.7,18%
3829,3.3,3.8,0.5,14%
10644,3.5,3.8,0.3,8%
92,4.0,3.8,0.2,5%
2194,3.9,3.8,0.1,1%
3727,6.7,3.8,2.9,76%
769,6.7,3.8,2.9,76%
6724,5.5,3.8,1.7,46%
12103,5.1,3.8,1.3,33%
2598,2.9,3.8,0.9,23%
8368,4.6,3.8,0.8,21%
4036,4.1,3.8,0.3,8%
5219,6.0,3.8,2.3,60%
11018,5.2,3.8,1.4,38%
3804,2.9,3.8,0.8,22%
1018,3.0,3.8,0.8,20%
6864,4.4,3.8,0.7,17%
12822,4.3,3.8,0.5,13%
12088,3.3,3.8,0.4,11%
2349,3.7,3.8,0.1,2%
3562,3.8,3.8,0.0,1%
7083,7.3,3.7,3.6,95%
12346,6.5,3.7,2.8,75%
6645,6.2,3.7,2.4,64%
1652,4.6,3.7,0.8,22%
11432,3.0,3.7,0.7,19%
3632,4.5,3.7,0.7,19%
3717,3.3,3.7,0.5,13%
4415,3.5,3.7,0.3,7%
3707,3.9,3.7,0.2,5%
12205,3.9,3.7,0.2,5%
9970,3.6,3.7,0.2,5%
11238,3.9,3.7,0.1,3%
8381,3.7,3.7,0.0,1%
2429,6.1,3.7,2.4,64%
4603,2.5,3.7,1.2,33%
6365,4.9,3.7,1.2,31%
6727,4.6,3.7,0.9,25%
2481,4.3,3.7,0.6,17%
9360,4.0,3.7,0.3,8%
3104,4.0,3.7,0.3,8%
4779,4.0,3.7,0.3,7%
3719,3.7,3.7,0.1,2%
8655,3.7,3.7,0.0,0%
9004,7.0,3.7,3.3,90%
5283,5.9,3.7,2.2,61%
1052,5.4,3.7,1.7,46%
5144,5.4,3.7,1.7,46%
3270,5.3,3.7,1.6,43%
6915,2.2,3.7,1.5,41%
3917,5.2,3.7,1.5,40%
6720,4.7,3.7,1.0,27%
2028,4.5,3.7,0.8,22%
11472,3.0,3.7,0.7,20%
4653,4.4,3.7,0.7,20%
11944,4.4,3.7,0.7,18%
11443,3.2,3.7,0.5,14%
6995,3.3,3.7,0.4,11%
4106,4.1,3.7,0.4,11%
6749,3.4,3.7,0.3,9%
10217,4.0,3.7,0.3,8%
12729,3.9,3.7,0.2,5%
11682,3.5,3.7,0.2,4%
6088,3.5,3.7,0.1,4%
4795,3.8,3.7,0.1,2%
8090,3.6,3.7,0.1,2%
45,3.6,3.7,0.0,1%
5834,6.4,3.6,2.7,75%
3415,5.6,3.6,1.9,53%
1182,5.4,3.6,1.8,48%
8521,4.9,3.6,1.3,35%
2394,4.7,3.6,1.0,28%
9047,2.8,3.6,0.9,24%
1196,3.1,3.6,0.5,15%
5331,4.1,3.6,0.5,13%
7380,3.4,3.6,0.2,7%
8825,3.9,3.6,0.2,6%
6254,3.7,3.6,0.1,2%
7470,3.7,3.6,0.0,1%
9599,2.0,3.6,1.6,45%
10623,4.9,3.6,1.2,34%
7280,4.7,3.6,1.0,29%
9630,3.3,3.6,0.3,9%
2159,3.4,3.6,0.2,5%
11881,3.7,3.6,0.1,4%
9300,3.7,3.6,0.1,1%
1073,7.0,3.6,3.4,96%
6042,5.7,3.6,2.1,58%
6598,5.1,3.6,1.5,42%
7009,2.2,3.6,1.3,37%
927,4.9,3.6,1.3,36%
6264,3.3,3.6,0.2,7%
5739,5.6,3.5,2.0,57%
12589,5.4,3.5,1.9,53%
11627,5.3,3.5,1.8,50%
3748,5.1,3.5,1.5,43%
8445,2.2,3.5,1.3,37%
12669,2.4,3.5,1.2,33%
11542,4.7,3.5,1.2,33%
10807,4.3,3.5,0.8,22%
4582,4.3,3.5,0.8,22%
12852,3.1,3.5,0.4,12%
12342,3.1,3.5,0.4,12%
10566,3.9,3.5,0.4,10%
11294,3.2,3.5,0.3,10%
9041,6.3,3.5,2.7,78%
5278,5.6,3.5,2.1,60%
5551,5.3,3.5,1.8,51%
9662,1.8,3.5,1.7,49%
11450,5.2,3.5,1.7,49%
11043,2.3,3.5,1.2,35%
721,4.7,3.5,1.2,35%
9016,4.5,3.5,1.0,29%
6735,4.4,3.5,0.9,25%
1278,4.4,3.5,0.9,24%
11,4.3,3.5,0.8,24%
7193,2.8,3.5,0.7,21%
8757,3.1,3.5,0.4,12%
9239,3.7,3.5,0.2,5%
8442,3.3,3.5,0.2,5%
2992,10.4,3.5,7.0,200%
12874,7.8,3.5,4.3,123%
12287,6.6,3.5,3.1,90%
1428,6.1,3.5,2.6,75%
8730,5.2,3.5,1.7,49%
7562,5.1,3.5,1.7,48%
12871,5.1,3.5,1.6,47%
10677,2.1,3.5,1.4,41%
5645,4.6,3.5,1.1,31%
5162,4.5,3.5,1.0,29%
3427,2.5,3.5,1.0,28%
2867,4.5,3.5,1.0,28%
26,2.9,3.5,0.6,17%
9772,4.0,3.5,0.5,14%
5471,3.9,3.5,0.4,11%
10855,3.2,3.5,0.3,9%
2271,3.2,3.5,0.3,8%
7676,3.7,3.5,0.3,7%
739,3.4,3.5,0.1,3%
2740,6.9,3.4,3.4,99%
9492,6.6,3.4,3.1,90%
9651,5.3,3.4,1.9,54%
1575,5.2,3.4,1.8,51%
11415,5.1,3.4,1.6,47%
9533,1.9,3.4,1.6,46%
5886,4.7,3.4,1.3,36%
4944,4.6,3.4,1.1,33%
1320,4.5,3.4,1.1,32%
7230,4.5,3.4,1.0,30%
12775,2.6,3.4,0.9,26%
1195,4.2,3.4,0.7,21%
12745,3.8,3.4,0.4,11%
3238,3.8,3.4,0.3,10%
12458,3.1,3.4,0.3,9%
782,3.2,3.4,0.3,7%
5804,3.7,3.4,0.2,7%
8012,3.6,3.4,0.2,5%
1161,3.5,3.4,0.1,2%
10497,5.3,3.4,1.9,56%
9144,2.0,3.4,1.4,42%
3761,2.0,3.4,1.4,40%
1903,2.6,3.4,0.8,25%
10151,2.7,3.4,0.7,22%
3386,4.1,3.4,0.6,19%
4042,3.9,3.4,0.5,15%
5644,3.0,3.4,0.4,13%
308,3.0,3.4,0.4,11%
4004,3.8,3.4,0.4,10%
3405,3.1,3.4,0.3,8%
5461,3.6,3.4,0.1,4%
12499,3.6,3.4,0.1,4%
11942,3.5,3.4,0.1,2%
2402,3.4,3.4,0.0,1%
4555,3.4,3.4,0.0,0%
7272,3.4,3.4,0.0,0%
4258,5.3,3.4,1.9,57%
8769,2.2,3.4,1.2,35%
13061,2.5,3.4,0.8,25%
7790,2.9,3.4,0.5,14%
562,3.6,3.4,0.2,7%
8605,3.2,3.4,0.2,6%
9249,3.5,3.4,0.1,4%
10065,3.3,3.4,0.0,1%
5966,3.3,3.4,0.0,1%
10165,6.8,3.4,3.4,102%
6994,4.9,3.4,1.5,45%
5821,2.4,3.4,1.0,29%
9894,3.9,3.4,0.6,17%
10477,3.9,3.4,0.6,16%
9265,3.7,3.4,0.4,11%
6070,3.6,3.4,0.3,9%
5708,3.6,3.4,0.2,6%
11905,3.2,3.4,0.2,5%
11594,3.5,3.4,0.1,4%
11501,3.2,3.4,0.1,3%
11557,3.4,3.4,0.1,3%
600,3.4,3.4,0.0,1%
1779,4.9,3.3,1.6,47%
3043,4.6,3.3,1.3,38%
1147,2.4,3.3,0.9,28%
6678,4.0,3.3,0.7,22%
11186,3.7,3.3,0.4,13%
5702,3.5,3.3,0.2,5%
42,5.2,3.3,1.9,59%
7458,2.6,3.3,0.7,22%
3494,3.8,3.3,0.5,17%
10131,3.0,3.3,0.3,8%
4286,3.2,3.3,0.1,2%
1093,6.8,3.3,3.5,108%
5728,5.7,3.3,2.4,74%
8857,5.4,3.3,2.2,67%
242,5.1,3.3,1.9,57%
3712,5.1,3.3,1.8,57%
10244,1.8,3.3,1.5,45%
848,2.0,3.3,1.2,37%
7339,4.4,3.3,1.2,36%
309,4.4,3.3,1.2,36%
3550,4.1,3.3,0.9,27%
9877,2.7,3.3,0.6,18%
11852,3.7,3.3,0.5,15%
4276,2.8,3.3,0.5,14%
7255,3.3,3.3,0.1,2%
10114,3.3,3.3,0.0,1%
12913,6.1,3.2,2.9,89%
3955,4.6,3.2,1.4,44%
8824,4.5,3.2,1.3,40%
4610,4.5,3.2,1.3,39%
5151,4.2,3.2,0.9,29%
12722,2.4,3.2,0.8,26%
1772,2.4,3.2,0.8,26%
1677,4.0,3.2,0.8,24%
5188,2.6,3.2,0.6,19%
1695,3.8,3.2,0.6,19%
10268,3.8,3.2,0.6,18%
11578,3.7,3.2,0.5,16%
7578,2.8,3.2,0.4,14%
13055,2.9,3.2,0.3,10%
12534,2.9,3.2,0.3,9%
3250,2.9,3.2,0.3,9%
3891,3.5,3.2,0.3,9%
5142,2.9,3.2,0.3,9%
2251,3.5,3.2,0.2,8%
12172,3.0,3.2,0.2,6%
5235,3.1,3.2,0.1,4%
12054,3.3,3.2,0.1,3%
4967,3.3,3.2,0.0,1%
10500,3.2,3.2,0.0,1%
3677,3.2,3.2,0.0,1%
12425,5.8,3.2,2.6,82%
11246,4.6,3.2,1.4,43%
10918,4.4,3.2,1.2,38%
5131,4.1,3.2,0.9,30%
6662,3.9,3.2,0.8,24%
10050,3.8,3.2,0.6,20%
10888,2.6,3.2,0.6,17%
9422,2.6,3.2,0.5,17%
9090,3.4,3.2,0.2,7%
4645,3.4,3.2,0.2,7%
7127,3.0,3.2,0.2,5%
7050,3.1,3.2,0.1,4%
8462,3.2,3.2,0.0,0%
9774,4.7,3.2,1.6,50%
1452,4.6,3.2,1.5,47%
2064,2.3,3.2,0.9,28%
1031,3.9,3.2,0.8,25%
573,2.7,3.2,0.5,15%
1335,3.2,3.2,0.1,3%
8246,3.2,3.2,0.1,3%
8989,3.2,3.2,0.1,2%
11699,3.1,3.2,0.0,0%
1749,3.2,3.2,0.0,0%
11811,4.9,3.1,1.7,55%
4485,4.6,3.1,1.5,47%
8572,4.2,3.1,1.1,36%
1918,2.0,3.1,1.1,35%
3383,4.2,3.1,1.1,35%
3390,4.0,3.1,0.9,29%
570,3.9,3.1,0.8,26%
12643,3.7,3.1,0.6,19%
12338,3.6,3.1,0.5,17%
11177,2.7,3.1,0.4,14%
7269,2.8,3.1,0.4,12%
7519,3.5,3.1,0.3,11%
1945,3.4,3.1,0.3,10%
11110,3.2,3.1,0.1,2%
741,3.2,3.1,0.1,2%
7162,4.7,3.1,1.6,53%
2553,2.2,3.1,0.9,29%
3131,2.4,3.1,0.7,23%
9447,2.5,3.1,0.6,20%
2872,2.5,3.1,0.6,18%
1303,2.7,3.1,0.3,11%
4423,2.8,3.1,0.3,10%
10126,3.3,3.1,0.2,8%
9299,2.1,3.1,1.0,32%
6198,2.8,3.1,0.3,10%
4147,3.2,3.1,0.2,6%
10554,3.2,3.1,0.2,5%
138,3.2,3.1,0.1,5%
779,2.9,3.1,0.1,4%
4384,3.1,3.1,0.0,1%
2175,6.8,3.0,3.8,125%
585,6.0,3.0,2.9,97%
9987,5.0,3.0,1.9,64%
9826,4.4,3.0,1.4,47%
5677,2.0,3.0,1.0,33%
2249,2.1,3.0,0.9,30%
12379,2.2,3.0,0.9,28%
8338,2.2,3.0,0.8,28%
255,3.8,3.0,0.7,24%
360,2.3,3.0,0.7,24%
3230,3.7,3.0,0.7,23%
49,2.4,3.0,0.6,21%
347,3.4,3.0,0.4,13%
11064,2.9,3.0,0.1,5%
11941,3.1,3.0,0.1,2%
11611,3.0,3.0,0.0,1%
8690,3.0,3.0,0.0,1%
7143,7.4,3.0,4.4,148%
2162,5.6,3.0,2.6,87%
6037,5.5,3.0,2.5,83%
12056,4.7,3.0,1.7,57%
3563,4.4,3.0,1.4,47%
2996,2.2,3.0,0.7,25%
5967,3.6,3.0,0.6,21%
1108,2.4,3.0,0.6,19%
2694,3.0,3.0,0.0,0%
5744,3.0,3.0,0.0,0%
1839,8.4,3.0,5.4,183%
6214,4.9,3.0,2.0,66%
11795,4.6,3.0,1.7,56%
5339,4.6,3.0,1.6,54%
8106,4.2,3.0,1.2,41%
12742,3.9,3.0,0.9,31%
141,3.9,3.0,0.9,31%
2390,3.7,3.0,0.7,24%
1474,3.6,3.0,0.6,22%
11591,2.4,3.0,0.5,18%
7605,3.5,3.0,0.5,17%
5485,3.4,3.0,0.4,14%
6726,2.6,3.0,0.4,12%
11763,3.3,3.0,0.3,10%
3682,3.2,3.0,0.3,10%
10100,3.1,3.0,0.1,4%
11331,3.1,3.0,0.1,3%
2415,2.9,3.0,0.1,2%
10019,3.0,3.0,0.0,0%
68,3.7,2.9,0.8,27%
11954,2.3,2.9,0.6,21%
5778,3.3,2.9,0.4,14%
7727,3.1,2.9,0.1,5%
7730,5.5,2.9,2.6,90%
2418,5.2,2.9,2.3,81%
12090,4.6,2.9,1.7,59%
10072,3.7,2.9,0.8,27%
5920,2.5,2.9,0.4,15%
5864,2.7,2.9,0.1,5%
7793,2.8,2.9,0.1,2%
12700,2.9,2.9,0.0,1%
7388,4.4,2.9,1.5,54%
9404,4.3,2.9,1.4,50%
965,4.2,2.9,1.3,45%
2890,3.9,2.9,1.1,37%
10431,2.2,2.9,0.6,23%
3472,2.4,2.9,0.4,14%
12112,3.3,2.9,0.4,14%
1693,3.1,2.9,0.2,7%
3305,2.7,2.9,0.2,7%
2300,2.9,2.9,0.0,0%
3190,6.5,2.8,3.7,131%
12161,0.7,2.8,2.1,74%
3034,4.5,2.8,1.7,60%
12057,2.2,2.8,0.6,23%
7400,2.2,2.8,0.6,21%
12795,3.0,2.8,0.2,7%
7783,3.0,2.8,0.2,6%
7948,4.8,2.8,2.0,72%
8759,4.4,2.8,1.6,57%
6357,4.2,2.8,1.4,50%
9528,1.6,2.8,1.2,44%
5923,3.2,2.8,0.4,15%
7649,2.5,2.8,0.2,9%
7814,2.9,2.8,0.1,3%
13137,2.7,2.8,0.1,2%
12293,2.8,2.8,0.0,0%
12698,5.8,2.8,3.0,110%
12249,5.5,2.8,2.7,99%
3164,4.9,2.8,2.2,79%
1512,4.2,2.8,1.5,54%
6581,4.0,2.8,1.2,43%
7669,1.7,2.8,1.1,39%
10061,3.7,2.8,0.9,33%
8443,3.6,2.8,0.9,31%
5996,2.0,2.8,0.8,28%
12991,2.0,2.8,0.7,26%
983,2.1,2.8,0.6,23%
12947,3.4,2.8,0.6,22%
13028,3.4,2.8,0.6,22%
1663,3.1,2.8,0.4,14%
2578,3.1,2.8,0.3,11%
9046,2.9,2.8,0.2,6%
11290,2.6,2.8,0.2,5%
321,2.8,2.8,0.0,1%
2808,6.5,2.7,3.8,139%
9529,6.5,2.7,3.8,138%
3947,5.3,2.7,2.6,95%
10273,1.5,2.7,1.2,44%
3061,3.9,2.7,1.2,43%
11405,3.9,2.7,1.1,42%
1272,3.6,2.7,0.9,33%
2272,1.9,2.7,0.8,31%
4816,1.9,2.7,0.8,29%
2285,3.4,2.7,0.7,25%
6038,3.3,2.7,0.6,22%
439,3.3,2.7,0.5,20%
6366,3.2,2.7,0.5,19%
2071,3.2,2.7,0.5,18%
10098,3.2,2.7,0.5,17%
6318,3.2,2.7,0.5,17%
7903,2.3,2.7,0.4,15%
8437,2.5,2.7,0.3,9%
5025,2.6,2.7,0.1,4%
5469,2.8,2.7,0.1,4%
1202,2.7,2.7,0.1,3%
11376,6.4,2.7,3.7,139%
8587,4.7,2.7,2.0,73%
6347,3.8,2.7,1.1,41%
9605,3.6,2.7,0.9,34%
1344,3.1,2.7,0.4,16%
217,2.5,2.7,0.2,8%
9178,6.1,2.7,3.4,128%
3182,4.1,2.7,1.4,52%
7602,3.4,2.7,0.7,27%
7975,3.3,2.7,0.7,25%
1571,3.1,2.7,0.5,18%
2610,3.1,2.7,0.4,17%
12176,3.1,2.7,0.4,15%
11814,3.0,2.7,0.4,14%
2323,2.7,2.7,0.0,2%
7406,4.9,2.6,2.3,87%
12576,4.3,2.6,1.7,63%
2503,4.0,2.6,1.3,51%
10267,3.5,2.6,0.9,33%
12924,3.4,2.6,0.8,31%
13047,1.9,2.6,0.7,28%
294,3.2,2.6,0.5,21%
73,2.8,2.6,0.1,5%
10815,2.5,2.6,0.1,5%
9816,2.7,2.6,0.1,4%
559,5.2,2.6,2.6,98%
9532,5.1,2.6,2.5,96%
1323,1.5,2.6,1.1,43%
13084,3.7,2.6,1.1,41%
1146,3.2,2.6,0.6,24%
13060,2.1,2.6,0.5,17%
4911,3.0,2.6,0.4,16%
776,2.2,2.6,0.4,15%
2788,2.3,2.6,0.3,10%
10237,2.4,2.6,0.2,8%
3179,2.6,2.6,0.0,2%
6845,2.6,2.6,0.0,2%
13001,2.6,2.6,0.0,1%
12678,2.6,2.6,0.0,1%
11464,2.6,2.6,0.0,0%
12538,10.2,2.6,7.6,296%
3517,5.5,2.6,2.9,113%
12378,4.4,2.6,1.9,73%
2170,4.1,2.6,1.5,59%
6094,4.0,2.6,1.4,56%
475,1.5,2.6,1.1,43%
11812,3.3,2.6,0.7,27%
2527,3.0,2.6,0.5,18%
10851,2.9,2.6,0.4,15%
4637,2.2,2.6,0.3,12%
3417,2.8,2.6,0.3,11%
5114,2.8,2.6,0.3,10%
10602,2.3,2.6,0.2,8%
7016,2.7,2.6,0.1,5%
632,2.7,2.6,0.1,4%
9312,2.6,2.6,0.1,3%
900,2.5,2.6,0.1,2%
5413,2.6,2.6,0.1,2%
2189,2.6,2.6,0.0,1%
6866,8.7,2.5,6.1,243%
4388,4.2,2.5,1.7,65%
153,3.5,2.5,1.0,38%
1128,3.3,2.5,0.8,30%
8645,3.0,2.5,0.4,18%
12682,2.2,2.5,0.3,11%
11549,2.7,2.5,0.2,8%
6672,2.7,2.5,0.1,5%
12137,2.6,2.5,0.1,3%
5903,2.5,2.5,0.1,2%
9233,2.6,2.5,0.0,2%
8562,2.5,2.5,0.0,1%
9738,2.5,2.5,0.0,0%
3481,6.8,2.5,4.3,172%
10979,5.3,2.5,2.8,113%
7018,4.4,2.5,1.9,78%
12324,4.1,2.5,1.6,64%
2450,4.0,2.5,1.5,62%
2599,3.7,2.5,1.2,50%
7438,3.6,2.5,1.1,43%
483,3.5,2.5,1.0,40%
2329,3.4,2.5,0.9,35%
2066,3.3,2.5,0.8,34%
5690,3.3,2.5,0.8,32%
12273,3.0,2.5,0.5,19%
2805,3.0,2.5,0.5,18%
4563,2.1,2.5,0.4,15%
396,2.2,2.5,0.3,10%
12953,2.3,2.5,0.2,8%
12540,2.3,2.5,0.2,6%
698,6.2,2.5,3.8,153%
6795,4.6,2.5,2.2,87%
11840,4.3,2.5,1.8,73%
5470,3.9,2.5,1.5,59%
10647,1.8,2.5,0.6,25%
2082,1.9,2.5,0.6,25%
4065,3.0,2.5,0.6,23%
2445,2.6,2.5,0.1,5%
10537,2.3,2.5,0.1,5%
8080,2.4,2.5,0.1,2%
9799,7.3,2.4,4.8,198%
8846,6.2,2.4,3.7,154%
12227,5.5,2.4,3.1,126%
12413,3.1,2.4,0.7,28%
7371,1.9,2.4,0.5,22%
3853,2.8,2.4,0.3,14%
4215,2.8,2.4,0.3,14%
3591,2.1,2.4,0.3,13%
6681,2.5,2.4,0.0,2%
10081,7.2,2.4,4.8,202%
4083,5.8,2.4,3.4,141%
9805,5.7,2.4,3.3,137%
846,4.5,2.4,2.1,86%
5516,1.8,2.4,0.6,23%
3308,2.6,2.4,0.2,9%
10948,2.3,2.4,0.1,5%
1973,2.5,2.4,0.1,4%
13126,2.5,2.4,0.1,3%
9078,7.1,2.4,4.7,199%
7461,6.8,2.4,4.4,187%
4689,4.5,2.4,2.1,91%
4498,4.2,2.4,1.8,76%
12753,3.8,2.4,1.4,61%
5912,3.5,2.4,1.2,49%
1942,3.4,2.4,1.1,45%
11843,3.1,2.4,0.7,31%
12925,2.1,2.4,0.2,9%
6176,2.2,2.4,0.2,9%
10778,2.3,2.4,0.1,2%
104,7.1,2.3,4.8,204%
1038,5.1,2.3,2.7,118%
5691,3.9,2.3,1.5,65%
2126,3.7,2.3,1.4,60%
12580,3.4,2.3,1.1,47%
11087,2.9,2.3,0.6,25%
3416,2.8,2.3,0.5,19%
1049,2.8,2.3,0.4,19%
1991,2.7,2.3,0.4,17%
4546,2.6,2.3,0.3,11%
9814,2.1,2.3,0.2,9%
11925,2.1,2.3,0.2,8%
3345,2.2,2.3,0.1,4%
11466,2.4,2.3,0.1,3%
2453,2.3,2.3,0.0,0%
4846,7.0,2.3,4.7,204%
2112,4.7,2.3,2.4,104%
6502,4.4,2.3,2.1,91%
7671,4.1,2.3,1.8,80%
5871,3.1,2.3,0.8,33%
11579,1.6,2.3,0.7,30%
3927,3.0,2.3,0.7,29%
1714,2.9,2.3,0.6,25%
5776,2.8,2.3,0.5,22%
7699,1.9,2.3,0.4,17%
2792,2.0,2.3,0.3,15%
11115,2.0,2.3,0.3,14%
5962,2.5,2.3,0.2,10%
12127,2.1,2.3,0.2,7%
9082,2.5,2.3,0.2,7%
11244,4.6,2.3,2.3,101%
12431,3.8,2.3,1.5,67%
856,3.7,2.3,1.4,62%
12450,3.1,2.3,0.9,39%
4871,3.1,2.3,0.8,37%
4509,3.0,2.3,0.8,34%
3515,2.7,2.3,0.4,17%
10487,2.6,2.3,0.3,15%
2679,2.1,2.3,0.2,8%
6873,4.9,2.2,2.7,121%
3366,3.8,2.2,1.6,72%
919,3.5,2.2,1.2,56%
5068,3.0,2.2,0.8,36%
5652,2.8,2.2,0.6,26%
4883,2.8,2.2,0.6,25%
12116,2.7,2.2,0.5,23%
10413,2.5,2.2,0.3,14%
10424,2.2,2.2,0.0,1%
8464,10.5,2.2,8.3,376%
459,3.3,2.2,1.1,50%
9070,3.1,2.2,0.9,42%
4267,3.0,2.2,0.8,37%
4284,3.0,2.2,0.8,34%
1994,2.8,2.2,0.6,29%
11519,2.5,2.2,0.3,14%
4928,2.5,2.2,0.3,14%
2980,1.9,2.2,0.3,13%
11184,2.3,2.2,0.1,6%
4939,2.1,2.2,0.1,3%
9597,2.2,2.2,0.0,1%
6554,5.3,2.2,3.2,147%
987,5.2,2.2,3.0,140%
6068,3.6,2.2,1.4,67%
6630,3.3,2.2,1.1,52%
2345,3.2,2.2,1.0,48%
9962,2.6,2.2,0.4,19%
12074,1.9,2.2,0.3,13%
368,1.9,2.2,0.2,11%
12455,2.1,2.2,0.0,1%
1138,2.2,2.2,0.0,0%
3072,5.0,2.1,2.8,132%
2825,3.7,2.1,1.5,72%
1017,3.2,2.1,1.0,49%
5705,3.0,2.1,0.8,39%
7215,2.8,2.1,0.7,31%
834,2.8,2.1,0.7,31%
5494,2.3,2.1,0.2,9%
11053,2.0,2.1,0.2,7%
12101,2.2,2.1,0.1,4%
7934,2.1,2.1,0.0,1%
6140,2.2,2.1,0.0,1%
9254,2.1,2.1,0.0,0%
2832,3.7,2.1,1.6,78%
9151,3.6,2.1,1.5,72%
2123,3.3,2.1,1.2,56%
8201,3.1,2.1,1.0,46%
1675,2.8,2.1,0.7,34%
1639,1.6,2.1,0.5,24%
11286,2.6,2.1,0.5,23%
1372,2.5,2.1,0.4,17%
3521,2.4,2.1,0.3,16%
3162,2.3,2.1,0.2,10%
11257,1.9,2.1,0.2,10%
4090,6.4,2.1,4.3,208%
4099,4.9,2.1,2.8,136%
10887,3.8,2.1,1.8,85%
7800,3.6,2.1,1.5,72%
10438,2.8,2.1,0.8,37%
2458,1.4,2.1,0.7,33%
260,2.7,2.1,0.6,30%
948,2.5,2.1,0.5,23%
8935,2.5,2.1,0.4,20%
11017,2.5,2.1,0.4,19%
10984,2.4,2.1,0.3,15%
4182,2.3,2.1,0.2,10%
10565,2.2,2.1,0.2,9%
8152,2.2,2.1,0.1,4%
5482,2.1,2.1,0.1,4%
5355,2.0,2.1,0.0,2%
3348,2.0,2.1,0.0,2%
5828,6.3,2.0,4.3,211%
3835,3.8,2.0,1.8,87%
6340,2.7,2.0,0.6,31%
7596,2.2,2.0,0.2,9%
2835,2.1,2.0,0.1,3%
1306,5.0,2.0,3.0,148%
3586,4.0,2.0,2.0,99%
10861,3.5,2.0,1.5,74%
1235,3.0,2.0,1.0,51%
4671,1.4,2.0,0.6,31%
896,2.5,2.0,0.5,23%
4564,1.8,2.0,0.2,9%
5633,2.1,2.0,0.1,6%
6539,2.0,2.0,0.0,1%
5868,2.0,2.0,0.0,1%
8550,7.6,2.0,5.6,284%
2584,7.4,2.0,5.4,276%
9105,3.1,2.0,1.1,58%
7334,2.7,2.0,0.7,35%
7289,2.5,2.0,0.6,29%
6320,2.5,2.0,0.6,29%
47,2.5,2.0,0.5,28%
3019,2.5,2.0,0.5,26%
11585,2.2,2.0,0.2,12%
7874,1.9,2.0,0.1,5%
7475,2.1,2.0,0.1,5%
8946,1.9,2.0,0.0,2%
1748,5.0,1.9,3.1,158%
4833,5.0,1.9,3.0,157%
12855,4.0,1.9,2.0,105%
4378,3.2,1.9,1.3,67%
10344,3.0,1.9,1.1,57%
9439,2.9,1.9,1.0,50%
10282,1.7,1.9,0.2,12%
3027,1.9,1.9,0.1,3%
5177,1.9,1.9,0.0,2%
10221,5.2,1.9,3.3,171%
6382,4.0,1.9,2.1,110%
2913,3.4,1.9,1.5,80%
7921,3.2,1.9,1.2,66%
10978,3.1,1.9,1.2,61%
521,2.9,1.9,1.0,50%
8257,2.8,1.9,0.9,47%
4961,2.7,1.9,0.8,43%
315,2.5,1.9,0.6,32%
8994,2.4,1.9,0.5,27%
992,2.3,1.9,0.4,20%
8869,2.2,1.9,0.3,17%
5227,1.7,1.9,0.2,11%
8261,6.4,1.9,4.5,242%
8461,5.7,1.9,3.8,202%
3152,3.6,1.9,1.7,92%
277,3.2,1.9,1.4,73%
6188,3.1,1.9,1.2,63%
8165,2.9,1.9,1.1,57%
11082,2.5,1.9,0.6,31%
814,2.4,1.9,0.5,28%
10658,2.3,1.9,0.5,25%
11883,2.0,1.9,0.2,9%
3435,2.0,1.9,0.1,7%
4018,2.0,1.9,0.1,5%
5046,1.9,1.9,0.0,1%
2030,1.9,1.9,0.0,1%
9616,5.7,1.8,3.9,210%
7784,5.4,1.8,3.6,193%
12093,3.6,1.8,1.7,94%
2235,3.6,1.8,1.7,93%
2702,2.7,1.8,0.9,48%
561,2.5,1.8,0.6,33%
10962,2.4,1.8,0.5,29%
9242,2.1,1.8,0.3,15%
9809,2.1,1.8,0.3,14%
4912,2.1,1.8,0.2,12%
6695,2.0,1.8,0.1,7%
13143,2.0,1.8,0.1,7%
4184,1.7,1.8,0.1,6%
7472,1.9,1.8,0.1,5%
3105,1.8,1.8,0.1,3%
6151,1.8,1.8,0.0,3%
11832,5.0,1.8,3.2,179%
3723,4.2,1.8,2.4,134%
5033,4.0,1.8,2.2,123%
11497,3.2,1.8,1.4,79%
4617,2.5,1.8,0.7,36%
3933,1.3,1.8,0.5,27%
7184,2.1,1.8,0.3,15%
879,1.6,1.8,0.2,14%
8048,1.6,1.8,0.2,13%
5223,2.0,1.8,0.2,9%
4418,1.9,1.8,0.1,7%
6538,9.2,1.8,7.5,421%
6657,4.9,1.8,3.1,174%
11202,2.6,1.8,0.8,48%
63,2.6,1.8,0.8,47%
10023,2.5,1.8,0.7,40%
5224,2.0,1.8,0.2,11%
3130,1.6,1.8,0.2,11%
11867,1.9,1.8,0.1,5%
329,5.4,1.7,3.6,207%
9796,4.7,1.7,3.0,172%
5522,4.3,1.7,2.5,146%
5615,3.2,1.7,1.5,85%
9171,2.9,1.7,1.2,69%
3661,2.8,1.7,1.0,59%
11531,2.6,1.7,0.8,47%
4545,2.5,1.7,0.8,44%
8801,2.2,1.7,0.5,28%
6177,2.1,1.7,0.3,18%
4500,1.6,1.7,0.1,5%
10836,1.7,1.7,0.0,2%
6108,3.4,1.7,1.7,100%
8867,3.1,1.7,1.4,82%
9524,3.1,1.7,1.4,79%
10465,2.5,1.7,0.8,49%
8561,2.5,1.7,0.8,48%
489,2.3,1.7,0.6,32%
4402,1.7,1.7,0.0,2%
12997,4.5,1.7,2.8,167%
998,3.5,1.7,1.8,108%
554,3.3,1.7,1.6,95%
9708,2.7,1.7,1.1,64%
2813,1.0,1.7,0.6,38%
5704,2.0,1.7,0.3,18%
10231,1.8,1.7,0.1,6%
7212,1.8,1.7,0.1,6%
12328,5.4,1.6,3.8,230%
8948,4.4,1.6,2.7,166%
13124,3.4,1.6,1.8,109%
10723,3.0,1.6,1.4,85%
8554,2.8,1.6,1.2,71%
10080,2.8,1.6,1.1,68%
2244,2.5,1.6,0.8,52%
5109,2.5,1.6,0.8,51%
5018,2.2,1.6,0.5,32%
10902,2.0,1.6,0.4,21%
9676,5.9,1.6,4.3,264%
222,4.5,1.6,2.9,180%
5815,4.4,1.6,2.8,173%
9114,3.8,1.6,2.2,137%
1648,2.9,1.6,1.2,77%
6750,2.8,1.6,1.2,75%
5503,2.7,1.6,1.1,66%
4684,2.7,1.6,1.1,66%
5493,2.6,1.6,1.0,62%
2451,2.4,1.6,0.8,50%
2952,2.3,1.6,0.7,43%
12663,2.2,1.6,0.6,35%
1359,2.0,1.6,0.4,25%
11395,1.8,1.6,0.2,13%
10148,1.6,1.6,0.0,2%
7167,1.6,1.6,0.0,1%
2709,5.0,1.6,3.4,218%
5492,4.7,1.6,3.1,199%
5075,3.8,1.6,2.2,140%
8737,3.4,1.6,1.8,115%
4279,3.3,1.6,1.7,107%
8892,2.9,1.6,1.3,81%
8642,2.7,1.6,1.1,71%
7327,1.9,1.6,0.3,20%
10963,1.8,1.6,0.2,12%
3813,1.7,1.6,0.1,9%
247,3.1,1.5,1.5,99%
2216,1.8,1.5,0.2,14%
8549,1.7,1.5,0.2,13%
12723,3.9,1.5,2.4,158%
6781,3.8,1.5,2.3,151%
9227,3.3,1.5,1.8,120%
8998,2.9,1.5,1.4,90%
4604,2.8,1.5,1.3,85%
3406,2.6,1.5,1.1,72%
8436,2.5,1.5,0.9,63%
4349,2.2,1.5,0.7,44%
7941,2.1,1.5,0.6,39%
11429,1.6,1.5,0.1,7%
12064,3.0,1.5,1.5,103%
1028,2.8,1.5,1.3,86%
5418,2.2,1.5,0.7,46%
3038,2.1,1.5,0.6,40%
11205,1.8,1.5,0.4,24%
5822,1.6,1.5,0.2,10%
5267,1.5,1.5,0.0,2%
12121,5.1,1.4,3.7,255%
8417,2.3,1.4,0.9,62%
2912,1.9,1.4,0.4,29%
2760,2.6,1.4,1.2,85%
9811,2.5,1.4,1.1,79%
675,2.4,1.4,1.0,72%
5988,1.2,1.4,0.2,14%
5599,1.6,1.4,0.1,10%
11298,1.4,1.4,0.0,0%
4240,5.7,1.4,4.3,313%
1334,3.0,1.4,1.7,120%
11188,2.0,1.4,0.7,47%
91,1.8,1.3,0.5,40%
79,1.4,1.3,0.1,8%
5501,2.5,1.2,1.2,99%
11141,2.4,1.2,1.2,98%
9467,2.4,1.2,1.1,94%
12800,2.2,1.2,1.0,82%
8480,5.2,1.2,4.0,341%
6109,5.0,1.2,3.8,322%
12768,2.9,1.2,1.8,148%
1554,2.3,1.2,1.2,98%
10943,7.4,1.1,6.3,547%
10883,7.4,1.1,6.3,547%
407,5.1,1.1,3.9,341%
8134,4.9,1.1,3.7,323%
11468,4.4,1.1,3.3,287%
11145,3.4,1.1,2.2,195%
5737,1.9,1.1,0.7,62%
4341,1.7,1.1,0.6,52%
5733,1.6,1.1,0.4,36%
166,1.1,1.1,0.1,5%
3086,5.0,1.1,3.9,348%
4998,3.8,1.1,2.7,240%
1915,3.5,1.1,2.4,214%
2579,2.6,1.1,1.5,131%
6943,2.2,1.1,1.1,96%
4478,2.2,1.1,1.1,99%
9643,1.6,1.1,0.5,49%
1153,1.2,1.1,0.1,9%
2049,5.9,1.1,4.8,457%
6007,2.5,1.1,1.5,138%
4387,1.2,1.0,0.1,14%
6283,3.1,1.0,2.1,211%
7361,2.8,1.0,1.9,189%
5491,2.3,1.0,1.3,129%
1875,2.2,1.0,1.2,121%
2214,1.9,1.0,0.9,92%
9412,1.6,1.0,0.6,62%
9001,3.0,1.0,2.1,218%
13091,1.9,1.0,0.9,98%
9898,1.6,1.0,0.6,63%
2671,2.5,0.9,1.6,169%
8747,1.5,0.9,0.6,66%
11470,1.5,0.9,0.6,62%
11616,1.4,0.9,0.5,55%
11299,1.2,0.9,0.3,34%
5296,7.1,0.9,6.3,705%
7077,6.2,0.9,5.4,604%
3738,3.5,0.9,2.6,292%
3929,1.5,0.9,0.6,67%
2603,1.4,0.9,0.5,58%
8064,1.4,0.9,0.5,54%
1014,1.3,0.9,0.4,43%
12166,1.1,0.9,0.2,28%
6969,2.2,0.9,1.3,152%
11927,4.9,0.8,4.1,520%
999,3.8,0.8,3.0,403%
10617,3.5,0.8,2.8,367%
5149,2.7,0.7,2.0,278%
11903,1.8,0.7,1.1,147%
12936,1.6,0.7,0.8,116%
52,0.6,0.7,0.1,14%
9115,4.1,0.7,3.4,496%
9722,3.4,0.7,2.7,396%
7869,2.1,0.7,1.4,210%
1032,1.4,0.7,0.7,104%
7242,6.3,0.7,5.7,861%
4600,2.2,0.7,1.6,242%
10932,2.0,0.7,1.3,199%
9194,1.7,0.7,1.0,157%
734,1.1,0.7,0.4,62%
10982,0.6,0.7,0.0,2%
2311,2.2,0.6,1.6,295%
12081,1.6,0.6,1.1,190%
9587,2.1,0.5,1.6,309%
6914,1.6,0.5,1.0,197%
1449,1.3,0.5,0.8,151%
2393,7.5,0.5,7.0,1524%
8972,4.6,0.5,4.1,896%
6731,2.0,0.4,1.5,362%
4309,0.2,0.4,0.2,58%
12239,0.6,0.4,0.2,47%
11136,0.5,0.4,0.1,18%
4812,3.1,0.3,2.8,958%
5772,2.7,0.3,2.4,810%
12317,1.3,0.2,1.1,469%
3375,3.7,0.2,3.5,1777%
3670,2.1,0.0,2.1,6340%
6478,2.8,-0.3,3.1,-1178%
3473,0.9,-0.6,1.5,-261%
2918,7.6,-0.7,8.3,-1260%
9460,-1.1,-0.8,0.4,-47%
12129,4.5,-1.1,5.7,-492%
6576,3.6,-1.5,5.1,-345%
5468,2.8,-1.7,4.5,-267%
8953,4.0,-1.7,5.7,-338%
6766,2.7,-2.5,5.3,-209%
662,2.0,-3.7,5.7,-153%
6897,1.2,-9.2,10.4,-113%
2778,-5.6,-10.0,4.4,-44%
